X,date,pop_number,pop_id,plot_number,latitude,longitude,elevation,hardiness_zone,habitat,habitat_Type,invasion,Denisometer_reading,moisture.1,moisture.2,moisture.3,moisture.4,average_soil_moisture,treatment_info,live_tillers,dead_tillers,longest1,longest2,longest3,longest4,tiller1,tiller2,tiller3,tiller4,tiller5,tiller6,tiller7,tiller8,tiller9,tiller10,F_Dead,F_Live,F_Other,F_Litter,D_Dead,D_Live,D_Other,D_Litter,nativelongest1,nativelongest2,nativelongest3,nativelongest4
1,7/11/17,1,BivensArm1,1,29.62932,-82.3536,NA,NA,Open Field,Pasture,inv,NA,3.9,2.2,0.8,2.2,2.275,NA,NA,NA,NA,NA,NA,NA,NA,NA,NA,NA,NA,NA,NA,NA,NA,NA,NA,NA,NA,NA,NA,NA,NA,NA,NA,NA,NA,NA
2,7/11/17,1,BivensArm1,2,29.62936,-82.35354,NA,NA,Open Field,Pasture,inv,NA,4,3,4.1,2.7,3.45,NA,NA,NA,NA,NA,NA,NA,NA,NA,NA,NA,NA,NA,NA,NA,NA,NA,NA,NA,NA,NA,NA,NA,NA,NA,NA,NA,NA,NA
3,7/11/17,1,BivensArm1,3,29.62927,-82.35364,NA,NA,Open Field,Pasture,inv,NA,5.2,4.9,6.9,5.5,5.625,NA,NA,NA,NA,NA,NA,NA,NA,NA,NA,NA,NA,NA,NA,NA,NA,NA,NA,NA,NA,NA,NA,NA,NA,NA,NA,NA,NA,NA
4,7/11/17,1,BivensArm1,4,29.62924,-82.35352,NA,NA,Open Field,Pasture,unv,0,2.4,2.3,2.2,2,2.225,NA,NA,NA,NA,NA,NA,NA,NA,NA,NA,NA,NA,NA,NA,NA,NA,NA,NA,NA,NA,NA,NA,NA,NA,NA,NA,NA,NA,NA
5,7/11/17,1,BivensArm1,5,29.62921,-82.35353,NA,NA,Open Field,Pasture,unv,0,2.9,1.8,3.4,2.6,2.675,NA,NA,NA,NA,NA,NA,NA,NA,NA,NA,NA,NA,NA,NA,NA,NA,NA,NA,NA,NA,NA,NA,NA,NA,NA,NA,NA,NA,NA
6,7/11/17,1,BivensArm1,6,29.62912,-82.35348,NA,NA,Open Field,Pasture,unv,0,13.4,12.1,11.5,12,12.25,NA,NA,NA,NA,NA,NA,NA,NA,NA,NA,NA,NA,NA,NA,NA,NA,NA,NA,NA,NA,NA,NA,NA,NA,NA,NA,NA,NA,NA
7,7/13/17,2,HawCreek1,1,29.39883,-81.38939,NA,NA,Flatwoods,Flatwoods,inv,83,26.7,26.9,26.8,26.9,26.825,NA,142,4,94.5,93,89.5,89,43,57,68.5,75.5,70,79,80,62,56.5,69,0.22,52.9,0,52.12,0.1,13.2,0,19.24,NA,NA,NA,NA
8,7/13/17,2,HawCreek1,2,29.39881,-81.38955,NA,NA,Flatwoods,Flatwoods,inv,80,22.2,26.1,26.5,27.1,25.475,NA,116,17,138,132,132,130,71,111,112,119,62,107.5,99,90,73,93,5.2,90.23,12.79,17.7,3.19,32.04,2.12,10.83,NA,NA,NA,NA
9,7/13/17,2,HawCreek1,3,29.39883,-81.38931,NA,NA,Flatwoods,Flatwoods,inv,89,26.9,26.3,28.3,27.3,27.2,NA,53,95,149.5,123,129,126,91.5,87,108.5,92.5,43,39.5,86.5,89,101.5,59.5,46.09,34.55,0,21.19,32.22,12.54,0,12.22,NA,NA,NA,NA
10,7/13/17,2,HawCreek1,4,29.39894,-81.39023,NA,NA,Flatwoods,Flatwoods,unv,92,25.4,26,25.2,26.7,25.825,NA,NA,NA,NA,NA,NA,NA,NA,NA,NA,NA,NA,NA,NA,NA,NA,NA,NA,NA,NA,NA,NA,NA,NA,NA,146,55,40,17
11,7/13/17,2,HawCreek1,5,29.39898,-81.38921,NA,NA,Flatwoods,Flatwoods,unv,95,25.4,24.3,25.1,24.4,24.8,NA,NA,NA,NA,NA,NA,NA,NA,NA,NA,NA,NA,NA,NA,NA,NA,NA,NA,NA,NA,NA,NA,NA,NA,NA,18,60,61,48
12,7/13/17,2,HawCreek1,6,29.39832,-81.3888,NA,NA,Flatwoods,Flatwoods,unv,83,30,28.7,27.3,30.6,29.15,NA,NA,NA,NA,NA,NA,NA,NA,NA,NA,NA,NA,NA,NA,NA,NA,NA,NA,NA,NA,NA,NA,NA,NA,NA,112,59,51,63
13,7/17/17,3,BearTrack1,1,28.9318,-81.52306,NA,NA,Fire Suppressed Scrub,Scrub,inv,56,9.2,5,1.7,7,5.725,NA,26,6,94,109,91,90,79,79,49,72.5,27,86,68.5,86,72,84,n/a,n/a,n/a,n/a,3.8,14.6,0,19.22,NA,NA,NA,NA
14,7/17/17,3,BearTrack1,2,28.93178,-81.52313,NA,NA,Fire Suppressed Scrub,Scrub,inv,52,3.5,5.1,5,1.4,3.75,NA,9,3,89.5,87.5,87.5,84,44.5,72,71,87.5,62.5,89,61,65.5,63.5,89,n/a,n/a,n/a,n/a,1.01,5.68,0,14.44,NA,NA,NA,NA
15,7/17/17,3,BearTrack1,3,28.9318,-81.52314,NA,NA,Fire Suppressed Scrub,Scrub,inv,86,2.2,6.1,5.3,3.1,4.175,NA,11,2,94,86,75,74,60,75,74.5,54,56,62.5,67.5,86.5,74,94,n/a,n/a,n/a,n/a,0.87,6.67,0,12.21,NA,NA,NA,NA
16,7/17/17,3,BearTrack1,4,28.93187,-81.52351,NA,NA,Fire Suppressed Scrub,Scrub,unv,56,6.7,12.9,9.8,7.8,9.3,NA,NA,NA,NA,NA,NA,NA,NA,NA,NA,NA,NA,NA,NA,NA,NA,NA,NA,NA,NA,NA,NA,NA,NA,NA,63.5,59,62,53
17,7/17/17,3,BearTrack1,5,28.93169,-81.52336,NA,NA,Fire Suppressed Scrub,Scrub,unv,96,4.8,4,6.2,7.5,5.625,NA,NA,NA,NA,NA,NA,NA,NA,NA,NA,NA,NA,NA,NA,NA,NA,NA,NA,NA,NA,NA,NA,NA,NA,NA,102,65,82,58
18,7/17/17,3,BearTrack1,6,28.93178,-81.52343,NA,NA,Fire Suppressed Scrub,Scrub,unv,95,4.4,5.7,8.2,9,6.825,NA,NA,NA,NA,NA,NA,NA,NA,NA,NA,NA,NA,NA,NA,NA,NA,NA,NA,NA,NA,NA,NA,NA,NA,NA,53,54,48,49
19,7/17/17,4,BearTrackPasture1,1,28.93465,-81.50668,NA,NA,Pasture/Open Field,Pasture,inv,0,1.3,4.4,1.2,3.4,2.575,NA,102,39,123,120,118.5,117.5,109,103,118,102,99,114.5,89.5,118,109,119,n/a,n/a,n/a,n/a,11.6,53.02,0,8.38,NA,NA,NA,NA
20,7/17/17,4,BearTrackPasture1,2,28.9347,-81.50669,NA,NA,Pasture/Open Field,Pasture,inv,0,1,3.6,2.5,1.9,2.25,NA,58,59,109,117,112,110.5,80,94,109,96,72,108,66.5,73.5,93,77.5,n/a,n/a,n/a,n/a,17.99,28.74,0,6.83,NA,NA,NA,NA
21,7/17/17,4,BearTrackPasture1,3,28.93489,-81.50687,NA,NA,Pasture/Open Field,Pasture,inv,0,1.7,3.2,1.9,2.1,2.225,NA,64,39,118,117,117,114,67,96,115,93,57,97.5,103,81,110,111.5,n/a,n/a,n/a,n/a,13.9,31.43,0,10.99,NA,NA,NA,NA
22,7/17/17,4,BearTrackPasture1,4,28.93492,-81.50697,NA,NA,Pasture/Open Field,Pasture,unv,0,4.1,2.2,2.9,2.5,2.925,NA,NA,NA,NA,NA,NA,NA,NA,NA,NA,NA,NA,NA,NA,NA,NA,NA,NA,NA,NA,NA,NA,NA,NA,NA,86,55,48,46
23,7/17/17,4,BearTrackPasture1,5,28.93458,-81.50655,NA,NA,Pasture/Open Field,Pasture,unv,0,2.7,4.1,4.6,6.3,4.425,NA,NA,NA,NA,NA,NA,NA,NA,NA,NA,NA,NA,NA,NA,NA,NA,NA,NA,NA,NA,NA,NA,NA,NA,NA,96,93,89,90
24,7/17/17,4,BearTrackPasture1,6,28.93449,-81.50647,NA,NA,Pasture/Open Field,Pasture,unv,0,7.2,2.3,4.1,2.2,3.95,NA,NA,NA,NA,NA,NA,NA,NA,NA,NA,NA,NA,NA,NA,NA,NA,NA,NA,NA,NA,NA,NA,NA,NA,NA,74,58,67,65
25,7/18/17,5,OakHill1,1,28.88484,-80.8644,NA,NA,Pasture/Pine,Pasture,inv,23,4.8,3.4,8.3,7.7,6.05,NA,61,84,89,85,82.5,84.5,53,61,53.5,52.5,76,86,73,67,77,58,n/a,n/a,n/a,n/a,27.84,13.43,0,0,NA,NA,NA,NA
26,7/18/17,5,OakHill1,2,28.88492,-80.86424,NA,NA,Pasture/Pine,Pasture,inv,86,2.5,6.9,7.6,7.5,6.125,NA,42,79,114.5,110.5,110,104.5,45,72,70,84,56,77,95,59,93,53,n/a,n/a,n/a,n/a,16.6,17.05,0,19.6,NA,NA,NA,NA
27,7/18/17,5,OakHill1,3,28.88489,-80.86431,NA,NA,Pasture/Pine,Pasture,inv,74,8.5,7.6,8.7,3,6.95,NA,36,69,99,96.5,96.5,93,83,80,44,53,75,82,71,73.5,38.5,61.5,n/a,n/a,n/a,n/a,38.58,13.57,0,0,NA,NA,NA,NA
28,7/18/17,5,OakHill1,4,28.88509,-80.86432,NA,NA,Pasture/Pine,Pasture,unv,30,3.5,2.8,2.8,5.3,3.6,NA,NA,NA,NA,NA,NA,NA,NA,NA,NA,NA,NA,NA,NA,NA,NA,NA,NA,NA,NA,NA,NA,NA,NA,NA,90,31,48,65
29,7/18/17,5,OakHill1,5,28.88513,-80.86433,NA,NA,Pasture/Pine,Pasture,unv,0,1.4,1.4,9,4.1,3.975,NA,NA,NA,NA,NA,NA,NA,NA,NA,NA,NA,NA,NA,NA,NA,NA,NA,NA,NA,NA,NA,NA,NA,NA,NA,43,35,44,44
30,7/18/17,5,OakHill1,6,28.88517,-80.86432,NA,NA,Pasture/Pine,Pasture,unv,13,1.1,7.2,8,1.2,4.375,NA,NA,NA,NA,NA,NA,NA,NA,NA,NA,NA,NA,NA,NA,NA,NA,NA,NA,NA,NA,NA,NA,NA,NA,NA,53,48,43,54
31,7/20/17,6,BoulwareSprings1,1,29.62451,-82.30997,NA,NA,Sandhill,Sandhill,inv,19,13.4,16.2,14.3,13.6,14.375,treated 1 year ago,47,4,91,97,102,99,97,59.5,96,38,69,98,78,53,66,54,1.38,34.8,14.4,14.05,0.85,15.88,5.7,10.33,NA,NA,NA,NA
32,7/20/17,6,BoulwareSprings1,2,29.62451,-82.3099,NA,NA,Sandhill,Sandhill,inv,29,13.6,14.2,14.4,13.5,13.925,treated 1 year ago,28,9,102,102.5,94.5,96,70,95,81.5,22,41,79,52,94,95,82,2.39,21.1,6.64,6.14,1.54,10.49,2.62,4.46,NA,NA,NA,NA
33,7/20/17,6,BoulwareSprings1,3,29.62454,-82.30991,NA,NA,Sandhill,Sandhill,inv,66,12.8,14.6,17.5,14.4,14.825,treated 1 year ago,51,22,120,113.5,114.5,108.5,44,40.5,65,89.5,102,117,53,65,80,77,7.19,40.14,5.31,23.45,5.58,16.2,2.08,16,NA,NA,NA,NA
34,7/20/17,6,BoulwareSprings1,4,29.62456,-82.30992,NA,NA,Sandhill,Sandhill,unv,29,16.5,13.3,17.3,10.7,14.45,treated 1 year ago,NA,NA,NA,NA,NA,NA,NA,NA,NA,NA,NA,NA,NA,NA,NA,NA,NA,NA,NA,NA,NA,NA,NA,NA,86,84,61,82
35,7/20/17,6,BoulwareSprings1,5,29.62459,-82.30994,NA,NA,Sandhill,Sandhill,unv,35,17.6,15.4,16.2,15.7,16.225,treated 1 year ago,NA,NA,NA,NA,NA,NA,NA,NA,NA,NA,NA,NA,NA,NA,NA,NA,NA,NA,NA,NA,NA,NA,NA,NA,91,96,69,75
36,7/20/17,6,BoulwareSprings1,6,29.62458,-82.30991,NA,NA,Sandhill,Sandhill,unv,22,11.9,15.5,10,10.4,11.95,treated 1 year ago,NA,NA,NA,NA,NA,NA,NA,NA,NA,NA,NA,NA,NA,NA,NA,NA,NA,NA,NA,NA,NA,NA,NA,NA,101,86,91,98
37,7/20/17,7,ConePark1,1,29.64154,-82.28552,NA,NA,Disturbed Mesic Hammock,Hammock,inv,95,14.1,18.1,15,15.2,15.6,NA,25,26,131,122,122,122,98,114.5,101.5,56.5,77,103,93.5,99,117,90,7.96,28.69,9.38,19.54,5.88,9.91,3.51,14.36,NA,NA,NA,NA
38,7/20/17,7,ConePark1,2,29.64155,-82.28548,NA,NA,Disturbed Mesic Hammock,Hammock,inv,96,7.8,18.4,15.6,17,14.7,NA,33,8,148,148,137.5,135.5,82,127.5,109,52,55,108,117,100,116,43,2.21,46.01,2.92,25.68,1.13,14.15,0.89,13.11,NA,NA,NA,NA
39,7/20/17,7,ConePark1,3,29.64149,-82.28545,NA,NA,Disturbed Mesic Hammock,Hammock,inv,92,12.4,10.9,17.3,15.8,14.1,NA,27,4,149,143,142,141,119,136.5,116,118.5,56,77.5,102,97,99,94.5,1.29,39.11,0,11.98,0.41,12.58,0,7.88,NA,NA,NA,NA
40,7/20/17,7,ConePark1,4,29.6414,-82.28545,NA,NA,Disturbed Mesic Hammock,Hammock,unv,95,16.1,18.2,15.6,12.2,15.525,NA,NA,NA,NA,NA,NA,NA,NA,NA,NA,NA,NA,NA,NA,NA,NA,NA,NA,NA,NA,NA,NA,NA,NA,NA,28,20,24,25
41,7/20/17,7,ConePark1,5,29.64148,-82.28525,NA,NA,Disturbed Mesic Hammock,Hammock,unv,95,17.9,18.3,16.3,19.1,17.9,NA,NA,NA,NA,NA,NA,NA,NA,NA,NA,NA,NA,NA,NA,NA,NA,NA,NA,NA,NA,NA,NA,NA,NA,NA,50,32,28,37
42,7/20/17,7,ConePark1,6,29.64147,-82.28541,NA,NA,Disturbed Mesic Hammock,Hammock,unv,93,16.8,17.1,18.3,15.7,16.975,NA,NA,NA,NA,NA,NA,NA,NA,NA,NA,NA,NA,NA,NA,NA,NA,NA,NA,NA,NA,NA,NA,NA,NA,NA,57,48,43,44
43,7/21/17,8,NuRF1,1,28.72338,-81.68933,NA,NA,Open Field,Pasture,inv,0,27.8,28.6,29.2,29.6,28.8,mowed 1 year ago,149,10,79,78,72,71.5,53,61,56,30,60,45.5,34,58,46,61,n/a,n/a,n/a,n/a,0.79,27.72,0.41,10.39,NA,NA,NA,NA
44,7/21/17,8,NuRF1,2,28.72339,-81.68934,NA,NA,Open Field,Pasture,inv,0,28.7,28.1,29.2,28.6,28.65,mowed 1 year ago,110,5,87,71,74,72,56,61,65.5,58,60,73,49,62.5,60.5,49,n/a,n/a,n/a,n/a,0.21,23.75,9.71,6.31,NA,NA,NA,NA
45,7/24/17,8,NuRF1,3,28.72342,-81.68931,NA,NA,Open Field,Pasture,inv,0,29.3,29.9,29.8,29.6,29.65,mowed 1 year ago,117,3,74.5,78,79,75.5,58,44,50,64,70,72.5,71,36,71,66.5,n/a,n/a,n/a,n/a,0.12,19.88,0.37,5.22,NA,NA,NA,NA
46,7/24/17,8,NuRF1,4,28.72337,-81.68925,NA,NA,Open Field,Pasture,unv,0,29.5,29.9,27.9,28.5,28.95,mowed 1 year ago,NA,NA,NA,NA,NA,NA,NA,NA,NA,NA,NA,NA,NA,NA,NA,NA,NA,NA,NA,NA,NA,NA,NA,NA,NA,NA,NA,NA
47,7/24/17,8,NuRF1,5,28.72338,-81.68929,NA,NA,Open Field,Pasture,unv,0,29.3,27.6,27.6,29.9,28.6,mowed 1 year ago,NA,NA,NA,NA,NA,NA,NA,NA,NA,NA,NA,NA,NA,NA,NA,NA,NA,NA,NA,NA,NA,NA,NA,NA,NA,NA,NA,NA
48,7/24/17,8,NuRF1,6,28.72342,-81.68923,NA,NA,Open Field,Pasture,unv,0,27,27.7,29.2,28.4,28.075,mowed 1 year ago,NA,NA,NA,NA,NA,NA,NA,NA,NA,NA,NA,NA,NA,NA,NA,NA,NA,NA,NA,NA,NA,NA,NA,NA,131,123,133,117
49,7/24/17,9,LakeApopka1,1,28.67681,-81.70496,NA,NA,Marsh,Marsh,inv,0,10,10.9,13.8,20.1,13.7,NA,44,18,142,139,139.5,137,100,77,71,97,114.5,77.5,132,139,129,94,n/a,n/a,n/a,n/a,4.55,30.75,6.46,5.66,NA,NA,NA,NA
50,7/24/17,9,LakeApopka1,2,28.67678,-81.70486,NA,NA,Marsh,Marsh,inv,0,34.4,27.5,26.6,24.9,28.35,NA,46,25,134.5,129.5,127.5,127,81,76.5,127,82,77,129.5,81,57,74,93,13.2,41.94,0,3.27,9.11,32.14,0,0.45,NA,NA,NA,NA
51,7/24/17,9,LakeApopka1,3,28.67681,-81.70492,NA,NA,Marsh,Marsh,inv,0,16.8,25.8,23.8,19.6,21.5,NA,42,35,117.5,114.5,112.5,111,72,95.5,111,77,114.5,87,94,78,117.5,78,16.64,27.66,0,3.66,12.87,22.1,0,0.74,NA,NA,NA,NA
52,7/24/17,9,LakeApopka1,4,28.67681,-81.70488,NA,NA,Marsh,Marsh,unv,0,36.1,39.1,37.5,38.5,37.8,NA,NA,NA,NA,NA,NA,NA,NA,NA,NA,NA,NA,NA,NA,NA,NA,NA,NA,NA,NA,NA,NA,NA,NA,NA,91,82,94,104
53,7/24/17,9,LakeApopka1,5,28.67662,-81.70484,NA,NA,Marsh,Marsh,unv,0,36.4,36,36.4,37.9,36.675,NA,NA,NA,NA,NA,NA,NA,NA,NA,NA,NA,NA,NA,NA,NA,NA,NA,NA,NA,NA,NA,NA,NA,NA,NA,91,85,93,106
54,7/24/17,9,LakeApopka1,6,28.67676,-81.70492,NA,NA,Marsh,Marsh,unv,0,35.7,36.7,36.9,37.6,36.725,NA,NA,NA,NA,NA,NA,NA,NA,NA,NA,NA,NA,NA,NA,NA,NA,NA,NA,NA,NA,NA,NA,NA,NA,NA,103,96,116,94
55,7/25/17,10,HWY42,1,28.96452,-81.6404,NA,NA,Planted Pine,Pine Plantation,inv,84,14.6,13.8,13.7,15.5,14.4,NA,12,15,128,124,116,113,89,92,124.5,115,106,115.5,106,124.5,92,89,n/a,n/a,n/a,n/a,3.9,4.78,0.87,54.3,NA,NA,NA,NA
56,7/25/17,10,HWY42,2,28.96453,-81.64045,NA,NA,Planted Pine,Pine Plantation,inv,76,14.5,3.6,13.7,14.6,11.6,NA,13,17,135.5,136.5,131,131.5,51,97,58,135.5,136.5,131,131.5,115,113,97,n/a,n/a,n/a,n/a,5.88,6.74,1.89,47.49,NA,NA,NA,NA
57,7/25/17,10,HWY42,3,28.96454,-81.64046,NA,NA,Planted Pine,Pine Plantation,inv,81,7.8,13.8,5.9,7.8,8.825,NA,7,5,136,133,129,129,79.5,114,129.5,133,136,129,114,80,129,133,n/a,n/a,n/a,n/a,2.05,3.23,1.73,25.13,NA,NA,NA,NA
58,7/25/17,10,HWY42,4,28.96453,-81.64039,NA,NA,Planted Pine,Pine Plantation,unv,71,10.4,11.4,14.4,9.5,11.425,NA,NA,NA,NA,NA,NA,NA,NA,NA,NA,NA,NA,NA,NA,NA,NA,NA,NA,NA,NA,NA,NA,NA,NA,NA,31,35,21,22
59,7/25/17,10,HWY42,5,28.96452,-81.64033,NA,NA,Planted Pine,Pine Plantation,unv,80,7.2,11.8,12.7,14,11.425,NA,NA,NA,NA,NA,NA,NA,NA,NA,NA,NA,NA,NA,NA,NA,NA,NA,NA,NA,NA,NA,NA,NA,NA,NA,93,64,57,52
60,7/25/17,10,HWY42,6,28.96452,-81.64044,NA,NA,Planted Pine,Pine Plantation,unv,95,7,6.4,4.8,5.6,5.95,NA,NA,NA,NA,NA,NA,NA,NA,NA,NA,NA,NA,NA,NA,NA,NA,NA,NA,NA,NA,NA,NA,NA,NA,NA,31,35,21,22
61,7/25/17,11,Altoona1,1,29.00032,-81.66209,NA,NA,Residential Roadside,Roadside,inv,86,15.6,14.8,13.9,8.7,13.25,NA,22,0,118,104,103,100,80,71,55,91,62,104,93,92,92,80.5,n/a,n/a,n/a,n/a,0,5.93,0,65.84,NA,NA,NA,NA
62,7/25/17,11,Altoona1,2,29.00038,-81.66214,NA,NA,Residential Roadside,Roadside,inv,88,9.5,11.8,12,15.2,12.125,NA,49,5,125,123,111,112.5,74,79.5,80,111,91,92,112,91,59,53,n/a,n/a,n/a,n/a,0.82,14.66,0,40.34,NA,NA,NA,NA
63,7/25/17,11,Altoona1,3,29.0003,-81.66217,NA,NA,Residential Roadside,Roadside,inv,86,14,14.8,13.9,14,14.175,NA,41,4,137,136,134,133,81.5,122,131.5,134,82,52,78.5,99,78,110.5,n/a,n/a,n/a,n/a,0.94,20.34,0,27.87,NA,NA,NA,NA
64,7/25/17,11,Altoona1,4,29.0003,-81.66232,NA,NA,Residential Roadside,Roadside,unv,81,11.8,11.5,11.6,12,11.725,NA,NA,NA,NA,NA,NA,NA,NA,NA,NA,NA,NA,NA,NA,NA,NA,NA,NA,NA,NA,NA,NA,NA,NA,NA,74,52,71,53
65,7/25/17,11,Altoona1,5,29.00049,-81.66241,NA,NA,Residential Roadside,Roadside,unv,61,10.6,9.3,9.4,9.5,9.7,NA,NA,NA,NA,NA,NA,NA,NA,NA,NA,NA,NA,NA,NA,NA,NA,NA,NA,NA,NA,NA,NA,NA,NA,NA,140,111,129,102
66,7/25/17,11,Altoona1,6,29.00034,-81.66245,NA,NA,Residential Roadside,Roadside,unv,64,2.8,9.9,9.7,11.1,8.375,NA,NA,NA,NA,NA,NA,NA,NA,NA,NA,NA,NA,NA,NA,NA,NA,NA,NA,NA,NA,NA,NA,NA,NA,NA,19,24,21,24
67,7/26/17,12,SeminoleSF1,1,28.96113,-81.61357,NA,NA,Planted Pine/Mesic Hammock,Mixed Forest,inv,86,24.3,21.4,26,24.2,23.975,NA,38,18,125,121,121,121,72,86.5,103.5,114.5,110,111,94,106,92,91,n/a,n/a,n/a,n/a,7.66,11.79,0,22.43,NA,NA,NA,NA
68,7/26/17,12,SeminoleSF1,2,28.96115,-81.61361,NA,NA,Planted Pine/Mesic Hammock,Mixed Forest,inv,76,23.2,24.2,20.4,24.8,23.15,NA,24,15,146,133,132,137,80.5,109,119,85,108,109,98,65,103,146,n/a,n/a,n/a,n/a,5.41,10.43,0,12.69,NA,NA,NA,NA
69,7/26/17,12,SeminoleSF1,3,28.96127,-81.61338,NA,NA,Planted Pine/Mesic Hammock,Mixed Forest,inv,94,23.8,25.5,24.8,23.5,24.4,NA,70,23,146,142,139,143,68.5,127,139,106,68,129,119,132,106,142,n/a,n/a,n/a,n/a,15.7,33.9,0,11.74,NA,NA,NA,NA
70,7/26/17,12,SeminoleSF1,4,28.96122,-81.61357,NA,NA,Planted Pine/Mesic Hammock,Mixed Forest,unv,74,25.1,20.4,23.1,22,22.65,NA,NA,NA,NA,NA,NA,NA,NA,NA,NA,NA,NA,NA,NA,NA,NA,NA,NA,NA,NA,NA,NA,NA,NA,NA,65,51,42,62
71,7/26/17,12,SeminoleSF1,5,28.96148,-81.61366,NA,NA,Planted Pine/Mesic Hammock,Mixed Forest,unv,89,23.3,22.8,22.4,23.3,22.95,NA,NA,NA,NA,NA,NA,NA,NA,NA,NA,NA,NA,NA,NA,NA,NA,NA,NA,NA,NA,NA,NA,NA,NA,NA,57,54,55,50
72,7/26/17,12,SeminoleSF1,6,28.96121,-81.61381,NA,NA,Planted Pine/Mesic Hammock,Mixed Forest,unv,96,24,24.8,22.9,22.8,23.625,NA,NA,NA,NA,NA,NA,NA,NA,NA,NA,NA,NA,NA,NA,NA,NA,NA,NA,NA,NA,NA,NA,NA,NA,NA,83,81,82,84
73,7/26/17,13,SeminoleSF2,1,28.8145,-81.44804,NA,NA,Planted Pine/Mesic Hammock,Mixed Forest,inv,62,20.1,23.7,22.9,20.7,21.85,NA,96,32,154,146,161,148,125,83,129,78,123,105,145.5,115,115.5,139,12.28,90.58,0,2.66,9.92,61.28,0,1.86,NA,NA,NA,NA
74,7/26/17,13,SeminoleSF2,2,28.81473,-81.44792,NA,NA,Planted Pine/Mesic Hammock,Mixed Forest,inv,73,15.2,21.6,19.4,17.8,18.5,NA,89,54,146,139,134,155,91,89,116,132,82,110,90,134,85,99,28.58,92.78,2.34,4.22,23.8,65.56,1.36,3.11,NA,NA,NA,NA
75,7/26/17,13,SeminoleSF2,3,28.81468,-81.44795,NA,NA,Planted Pine/Mesic Hammock,Mixed Forest,inv,61,22.1,22,20.4,20.2,21.175,NA,32,18,166,165,157,153,85,137,128,130,132,31,133.5,80,155,152,7.01,21.67*,0,0,5.65,18.07,0,0,NA,NA,NA,NA
76,7/26/17,13,SeminoleSF2,4,28.81449,-81.44794,NA,NA,Planted Pine/Mesic Hammock,Mixed Forest,unv,43,21.4,11.2,17.6,19.2,17.35,NA,NA,NA,NA,NA,NA,NA,NA,NA,NA,NA,NA,NA,NA,NA,NA,NA,NA,NA,NA,NA,NA,NA,NA,NA,73,70,75,71
77,7/26/17,13,SeminoleSF2,5,28.81474,-81.4479,NA,NA,Planted Pine/Mesic Hammock,Mixed Forest,unv,89,14.8,22.3,22.5,19.6,19.8,NA,NA,NA,NA,NA,NA,NA,NA,NA,NA,NA,NA,NA,NA,NA,NA,NA,NA,NA,NA,NA,NA,NA,NA,NA,96,92,90,97
78,7/26/17,13,SeminoleSF2,6,28.81467,-81.44792,NA,NA,Planted Pine/Mesic Hammock,Mixed Forest,unv,85,19.6,21.6,18.1,13.3,18.15,NA,NA,NA,NA,NA,NA,NA,NA,NA,NA,NA,NA,NA,NA,NA,NA,NA,NA,NA,NA,NA,NA,NA,NA,NA,84,88,86,82
79,8/1/17,14,PolkCounty1,1,27.98584,-81.82327,NA,NA,Fire Suppressed Flatwoods becoming Hammock,Mixed Forest,inv,47,35.3,23.8,33.6,39.8,33.125,NA,45,0,133.5,121.5,115.5,110,82.5,103,85,91,74,76.5,69,71.5,88.5,59,0,31.81,0,81.45,0,10.46,0,36.29,NA,NA,NA,NA
80,8/1/17,14,PolkCounty1,2,27.98583,-81.82317,NA,NA,Fire Suppressed Flatwoods becoming Hammock,Mixed Forest,inv,53,42.9,41.6,37.5,38.9,40.225,NA,50,14,125.5,122,122,121.5,101.5,96.5,89,69.5,71.5,72,42.5,62.5,84.5,90,6.79,48.84,0,43.99,5.6,16.38,0,24.9,NA,NA,NA,NA
81,8/1/17,14,PolkCounty1,3,27.98575,-81.82309,NA,NA,Fire Suppressed Flatwoods becoming Hammock,Mixed Forest,inv,48,27.5,39.1,45.3,27.3,34.8,NA,61,0,125,124.5,124.5,124,100,79,97,91.5,90,76.5,62.5,43.5,60,83,0,50.7,0,64.72,0,17.73,0,33.82,NA,NA,NA,NA
82,8/1/17,14,PolkCounty1,4,27.98586,-81.82332,NA,NA,Fire Suppressed Flatwoods becoming Hammock,Mixed Forest,unv,74,26.3,32.4,19.7,33.6,28,NA,NA,NA,NA,NA,NA,NA,NA,NA,NA,NA,NA,NA,NA,NA,NA,NA,NA,NA,NA,NA,NA,NA,NA,NA,73,63,76,61
83,8/1/17,14,PolkCounty1,5,27.98592,-81.82363,NA,NA,Fire Suppressed Flatwoods becoming Hammock,Mixed Forest,unv,29,35.3,34.3,33.6,25.2,32.1,NA,NA,NA,NA,NA,NA,NA,NA,NA,NA,NA,NA,NA,NA,NA,NA,NA,NA,NA,NA,NA,NA,NA,NA,NA,136,131,133,130
84,8/1/17,14,PolkCounty1,6,27.98609,-81.82356,NA,NA,Fire Suppressed Flatwoods becoming Hammock,Mixed Forest,unv,36,35.6,33.7,31,36.9,34.3,NA,NA,NA,NA,NA,NA,NA,NA,NA,NA,NA,NA,NA,NA,NA,NA,NA,NA,NA,NA,NA,NA,NA,NA,NA,151,153,150,146
85,8/1/17,15,PolkCounty2,1,27.8344,-81.81597,NA,NA,Flatwoods,Flatwoods,inv,71,18.4,16.2,17.9,16.3,17.2,NA,7,5,107,103.5,101,94,79,84,74,NA,NA,NA,NA,NA,NA,NA,2.24,8.62,0,71.29,1.84,4.46,0,40.3,NA,NA,NA,NA
86,8/1/17,15,PolkCounty2,2,27.83444,-81.81594,NA,NA,Flatwoods,Flatwoods,inv,64,18.4,21.9,19.7,20.8,20.2,NA,14,8,118.5,118,104,102.5,100,92,88,77,73,71.5,73,92.5,77,71,4.88,18.77,0,51.98,3.66,8.83,0,30.56,NA,NA,NA,NA
87,8/1/17,15,PolkCounty2,3,27.83444,-81.81595,NA,NA,Flatwoods,Flatwoods,inv,79,17.9,19.9,23.7,15.5,19.25,NA,13,14,120.5,117.5,116.5,109,95,94,109,95.5,109,94.5,117.5,116.5,109,NA,7.55,21.91,0,33.44,5.9,10.15,0,18.47,NA,NA,NA,NA
88,8/1/17,15,PolkCounty2,4,27.83441,-81.81612,NA,NA,Flatwoods,Flatwoods,unv,40,21.3,19.2,28.3,20.1,22.225,NA,NA,NA,NA,NA,NA,NA,NA,NA,NA,NA,NA,NA,NA,NA,NA,NA,NA,NA,NA,NA,NA,NA,NA,NA,35,41,38,42
89,8/1/17,15,PolkCounty2,5,27.83443,-81.81619,NA,NA,Flatwoods,Flatwoods,unv,71,29.4,26.9,23.8,27,26.775,NA,NA,NA,NA,NA,NA,NA,NA,NA,NA,NA,NA,NA,NA,NA,NA,NA,NA,NA,NA,NA,NA,NA,NA,NA,32,35,30,24
90,8/1/17,15,PolkCounty2,6,27.83442,-81.61623,NA,NA,Flatwoods,Flatwoods,unv,63,24.4,22.3,23.3,24.5,23.625,NA,NA,NA,NA,NA,NA,NA,NA,NA,NA,NA,NA,NA,NA,NA,NA,NA,NA,NA,NA,NA,NA,NA,NA,NA,62,52,57,42
91,8/3/17,16,ColtCreek1,1,28.28147,-82.02888,NA,NA,Flatwoods,Flatwoods,inv,81,38.2,39.8,41.1,38.5,39.4,NA,40,8,149,149.5,138,146,92,121.5,87,79,95.5,121,46.5,79.5,129.5,86.5,4.02,46.56,0,19.37,3.86,29.37,0,17.09,NA,NA,NA,NA
92,8/3/17,16,ColtCreek1,2,28.28155,-82.02917,NA,NA,Flatwoods,Flatwoods,inv,84,38.3,37.5,37.3,34.5,36.9,NA,20,11,145.5,135.5,133,126.5,73,104.5,114,125,104.5,102.5,77,90.5,104.5,114.5,6.44,23.61,0,21.26,5.67,16.01,0,18.37,NA,NA,NA,NA
93,8/3/17,16,ColtCreek1,3,28.28154,-82.02912,NA,NA,Flatwoods,Flatwoods,inv,83,38.4,34.6,34.5,36,35.875,NA,26,8,138.5,137.5,132,125,37,76,82.5,121.5,117,62,133.5,120,106,107,3.71,19.65,1.13,25.94,3.61,16.75,0.73,22.68,NA,NA,NA,NA
94,8/3/17,16,ColtCreek1,4,28.28166,-82.02933,NA,NA,Flatwoods,Flatwoods,unv,85,36.6,37,37.9,35.4,36.725,NA,NA,NA,NA,NA,NA,NA,NA,NA,NA,NA,NA,NA,NA,NA,NA,NA,NA,NA,NA,NA,NA,NA,NA,NA,102,96,111,106
95,8/3/17,16,ColtCreek1,5,28.28168,-82.02935,NA,NA,Flatwoods,Flatwoods,unv,78,35.4,37.2,37.3,36.8,36.675,NA,NA,NA,NA,NA,NA,NA,NA,NA,NA,NA,NA,NA,NA,NA,NA,NA,NA,NA,NA,NA,NA,NA,NA,NA,70,62,77,82
96,8/3/17,16,ColtCreek1,6,28.28091,-82.02937,NA,NA,Flatwoods,Flatwoods,unv,90,35.4,35.5,39.1,38.6,37.15,NA,NA,NA,NA,NA,NA,NA,NA,NA,NA,NA,NA,NA,NA,NA,NA,NA,NA,NA,NA,NA,NA,NA,NA,NA,52,58,62,48
97,8/3/17,17,ColtCreek2,1,28.28091,-82.02458,NA,NA,Hammock,Hammock,inv,93,37,38,38.2,30.7,35.975,NA,63,9,137,132.5,123.5,123.5,60,65,98.5,112,75.5,73,102,105,94.5,104.5,3.68,36.9,0,21.18,0.4,19.79,0,15.4,NA,NA,NA,NA
98,8/3/17,17,ColtCreek2,2,28.28086,-82.02466,NA,NA,Hammock,Hammock,inv,87,39.5,37.7,33.8,39.1,37.525,NA,66,17,142.5,143.5,138,136.5,86,94,113,88.5,128,71,97.5,121.5,85,123.5,4.04,38.75,0,11.43,0.88,12.09,0,10.7,NA,NA,NA,NA
99,8/3/17,17,ColtCreek2,3,28.28087,-82.02488,NA,NA,Hammock,Hammock,inv,85,34.8,34.9,33.9,33.3,34.225,NA,54,8,134.5,130.5,128,123.5,82,66,83,95,97.5,128.5,57.5,101.5,102,55,1.21,26.6,0,14.96,0.74,23.16,0,7.08,NA,NA,NA,NA
100,8/3/17,17,ColtCreek2,4,28.28083,-82.02483,NA,NA,Hammock,Hammock,unv,92,33.9,35.6,33.9,36.4,34.95,NA,NA,NA,NA,NA,NA,NA,NA,NA,NA,NA,NA,NA,NA,NA,NA,NA,NA,NA,NA,NA,NA,NA,NA,NA,92,85,65,55
101,8/3/17,17,ColtCreek2,5,28.28084,-82.0247,NA,NA,Hammock,Hammock,unv,90,37,36.9,35.1,34.2,35.8,NA,NA,NA,NA,NA,NA,NA,NA,NA,NA,NA,NA,NA,NA,NA,NA,NA,NA,NA,NA,NA,NA,NA,NA,NA,54,50,51,62
102,8/3/17,17,ColtCreek2,6,28.28077,-82.0249,NA,NA,Hammock,Hammock,unv,N/A,36.8,37.3,38.1,37.5,37.425,NA,NA,NA,NA,NA,NA,NA,NA,NA,NA,NA,NA,NA,NA,NA,NA,NA,NA,NA,NA,NA,NA,NA,NA,NA,72,74,70,71
103,8/3/17,18,ColtCreek3,1,28.29588,-82.05473,NA,NA,Hammock Edge,Hammock,inv,95,36.4,37.3,35.2,34.5,35.85,NA,18,30,112,89.5,87,94.5,66,75.5,79,33,50,75.5,71,62,51,66.5,20.44,9.91,0,31.52,13.05,4.65,0,22.48,NA,NA,NA,NA
104,8/3/17,18,ColtCreek3,2,28.29596,-82.05473,NA,NA,Hammock Edge,Hammock,inv,95,34.2,35.1,34.7,34.5,34.625,NA,20,38,88,76,82,72,55,71.5,53,53,48.5,36,30.5,37,33,42,14.19,5.3,0,16.23,9.57,1.84,0,11.6,NA,NA,NA,NA
105,8/3/17,18,ColtCreek3,3,28.29583,-82.05492,NA,NA,Hammock Edge,Hammock,inv,96,39.3,42.2,39.8,42.8,41.025,NA,14,34,112.5,109,92,91.5,92,87.5,84,85,78,69.5,68,50,40,29,19.58,10.7,0,20.88,12.87,3.98,0,12.84,NA,NA,NA,NA
106,8/3/17,18,ColtCreek3,4,28.29572,-82.0549,NA,NA,Hammock Edge,Hammock,unv,80,27.4,30.2,27.4,35.4,30.1,NA,NA,NA,NA,NA,NA,NA,NA,NA,NA,NA,NA,NA,NA,NA,NA,NA,NA,NA,NA,NA,NA,NA,NA,NA,80,82,75,85
107,8/3/17,18,ColtCreek3,5,28.29565,-82.05478,NA,NA,Hammock Edge,Hammock,unv,71,31.9,32.6,24.5,31.9,30.225,NA,NA,NA,NA,NA,NA,NA,NA,NA,NA,NA,NA,NA,NA,NA,NA,NA,NA,NA,NA,NA,NA,NA,NA,NA,99,78,80,72
108,8/3/17,18,ColtCreek3,6,28.29571,-82.05486,NA,NA,Hammock Edge,Hammock,unv,59,24.1,26.7,26.3,21.9,24.75,NA,NA,NA,NA,NA,NA,NA,NA,NA,NA,NA,NA,NA,NA,NA,NA,NA,NA,NA,NA,NA,NA,NA,NA,NA,89,80,74,81
109,8/4/17,19,SilverRiver1,1,29.22704,-82.01517,NA,NA,Flatwoods,Flatwoods,inv,62,32.3,29.5,30.5,31.9,31.05,NA,53,8,136.5,136,127.5,126,71.5,94.5,93.5,108.5,111,110.5,98,77.5,91.5,77,1.94,52.78,0,38.33,1.14,24.65,0,28.33,NA,NA,NA,NA
110,8/4/17,19,SilverRiver1,2,29.22702,-82.01528,NA,NA,Flatwoods,Flatwoods,inv,78,27.1,30.4,21.1,27.5,26.525,NA,20,1,141.5,137,130.5,125.5,107,102,89.5,87,96.5,65.5,71,52.5,43,46.5,0.77,25.28,3.06,55.57,0.21,9.46,0.76,36.87,NA,NA,NA,NA
111,8/4/17,19,SilverRiver1,3,29.22714,-82.01514,NA,NA,Flatwoods,Flatwoods,inv,63,32.4,35.7,32.3,28,32.1,NA,30,2,165.5,164.5,163,152,144.5,142.5,109,92,100.5,77.5,78,73,52.5,77.5,1.13,50.2,0,17.27,0.5,21.48,0,11.12,NA,NA,NA,NA
112,8/4/17,19,SilverRiver1,4,29.22732,-82.01534,NA,NA,Flatwoods,Flatwoods,unv,67,22.6,22.5,29.2,24.3,24.65,NA,NA,NA,NA,NA,NA,NA,NA,NA,NA,NA,NA,NA,NA,NA,NA,NA,NA,NA,NA,NA,NA,NA,NA,NA,123,121,120,116
113,8/4/17,19,SilverRiver1,5,29.22733,-82.01546,NA,NA,Flatwoods,Flatwoods,unv,90,19.9,27,22.1,23.7,23.175,NA,NA,NA,NA,NA,NA,NA,NA,NA,NA,NA,NA,NA,NA,NA,NA,NA,NA,NA,NA,NA,NA,NA,NA,NA,109,111,122,119
114,8/4/17,19,SilverRiver1,6,29.22705,-82.01504,NA,NA,Flatwoods,Flatwoods,unv,86,21.1,25.5,33.4,21.6,25.4,NA,NA,NA,NA,NA,NA,NA,NA,NA,NA,NA,NA,NA,NA,NA,NA,NA,NA,NA,NA,NA,NA,NA,NA,NA,66,67,68,69
115,8/8/17,20,NuRF2,1,28.71232,-81.68497,NA,NA,Marsh,Marsh,inv,0,49.5,51.7,50.3,49.8,50.325,inundated soils,49,0,133.5,130.5,129.5,119,108.5,97,92.5,84.5,85,88,84,86.5,68.5,65,NA,NA,NA,NA,NA,NA,NA,NA,NA,NA,NA,NA
116,8/8/17,20,NuRF2,2,28.71235,-81.68494,NA,NA,Marsh,Marsh,inv,0,51.8,51.2,52.1,53.3,52.1,inundated soils,132,51,174.5,169.5,164.5,164.5,130,138,116.5,116,111.5,86.5,94.5,121.5,124,100,65.74,277.35,0,0,35.94,107.07,0,0,NA,NA,NA,NA
117,8/8/17,20,NuRF2,3,28.71235,-81.68498,NA,NA,Marsh,Marsh,inv,0,49.5,49.6,50.4,50.3,49.95,inundated soils,38,2,148.5,147.5,144,144,87,116.5,97,125,74,121.5,114,101.5,87,95.5,NA,NA,NA,NA,NA,NA,NA,NA,NA,NA,NA,NA
118,8/8/17,20,NuRF2,4,28.71227,-81.68504,NA,NA,Marsh,Marsh,unv,0,52,50.5,51.6,51.5,51.4,inundated soils,NA,NA,NA,NA,NA,NA,NA,NA,NA,NA,NA,NA,NA,NA,NA,NA,NA,NA,NA,NA,NA,NA,NA,NA,52,58,51,47
119,8/8/17,20,NuRF2,5,28.71225,-81.68513,NA,NA,Marsh,Marsh,unv,0,50,50.9,52.5,50.8,51.05,inundated soils,NA,NA,NA,NA,NA,NA,NA,NA,NA,NA,NA,NA,NA,NA,NA,NA,NA,NA,NA,NA,NA,NA,NA,NA,125,92,90,95
120,8/8/17,20,NuRF2,6,28.71233,-81.68504,NA,NA,Marsh,Marsh,unv,0,50.2,51.8,50.8,51.9,51.175,inundated soils,NA,NA,NA,NA,NA,NA,NA,NA,NA,NA,NA,NA,NA,NA,NA,NA,NA,NA,NA,NA,NA,NA,NA,NA,50,52,56,61
121,8/10/17,21,Corkscrew1,1,26.4181,-81.6355,NA,NA,Marsh,Marsh,inv,0,49.8,46.7,52.1,48.6,49.3,inundated soils,33,19,115,105.5,105.5,105,93.5,96,72,86,72.5,36,61.5,98.5,89,87,4.88,33.73,0,0,4.58,20.99,0,0,NA,NA,NA,NA
122,8/10/17,21,Corkscrew1,2,26.41809,-81.63557,NA,NA,Marsh,Marsh,inv,0,45.6,46.9,47.5,45.9,46.475,inundated soils,53,15,117,114,107.5,107.5,91.5,101,85.5,73.5,71,51.5,74,78,85,89,3.11,29.19,0,0,3.04,18.68,0,0,NA,NA,NA,NA
123,8/10/17,21,Corkscrew1,3,26.41806,-81.63556,NA,NA,Marsh,Marsh,inv,0,44.8,44.6,46.2,45.5,45.275,inundated soils,85,28,120.5,118,121,117,111,112,90,98,85,79.5,64.5,105,103.5,93.5,14.38,109.61,0,0,11.07,57.74,0,0,NA,NA,NA,NA
124,8/10/17,21,Corkscrew1,4,26.41809,-81.63554,NA,NA,Marsh,Marsh,unv,0,48.9,45.8,45.3,48.7,47.175,inundated soils,NA,NA,NA,NA,NA,NA,NA,NA,NA,NA,NA,NA,NA,NA,NA,NA,NA,NA,NA,NA,NA,NA,NA,NA,147,151,133,142
125,8/10/17,21,Corkscrew1,5,26.41811,-81.63555,NA,NA,Marsh,Marsh,unv,0,44.8,45.3,45.2,45.6,45.225,inundated soils,NA,NA,NA,NA,NA,NA,NA,NA,NA,NA,NA,NA,NA,NA,NA,NA,NA,NA,NA,NA,NA,NA,NA,NA,153,150,163,151
126,8/10/17,21,Corkscrew1,6,26.41826,-81.63564,NA,NA,Marsh,Marsh,unv,0,42.7,43.1,42.1,41.5,42.35,inundated soils,NA,NA,NA,NA,NA,NA,NA,NA,NA,NA,NA,NA,NA,NA,NA,NA,NA,NA,NA,NA,NA,NA,NA,NA,178,173,162,176
127,8/10/17,22,Corkscrew2,1,26.41818,-81.63326,NA,NA,Hydric Pine,Hydric Pine,inv,0,41.5,39.2,43.1,39.5,40.825,inundated soils,26,21,111,109,106,106,68.5,70.5,96.5,58,60,53.5,77.5,41,90,76.5,6.97,19.15,0,10.25,6.66,13.21,0,8.32,NA,NA,NA,NA
128,8/10/17,22,Corkscrew2,2,26.41813,-81.63329,NA,NA,Hydric Pine,Hydric Pine,inv,0,39.9,39.8,37.3,38.6,38.9,inundated soils,30,17,118.5,113.5,111.5,111,92,70.5,81,95.5,101.5,71,63.5,51.5,94.5,94,7.21,26.4,0,0,5.59,17.22,0,0,NA,NA,NA,NA
129,8/10/17,22,Corkscrew2,3,26.41816,-81.63325,NA,NA,Hydric Pine,Hydric Pine,inv,0,37.8,38.7,36.2,37.9,37.65,inundated soils,68,47,160,160,156.5,157,125.5,131.5,117.5,119.5,111.5,85,101.5,118,107,123,12.98,96.83,0,0,10.7,51.05,0,0,NA,NA,NA,NA
130,8/10/17,22,Corkscrew2,4,26.41817,-81.63329,NA,NA,Hydric Pine,Hydric Pine,unv,0,36.6,43.4,41.8,36.5,39.575,inundated soils,NA,NA,NA,NA,NA,NA,NA,NA,NA,NA,NA,NA,NA,NA,NA,NA,NA,NA,NA,NA,NA,NA,NA,NA,119,117,118,120
131,8/10/17,22,Corkscrew2,5,26.41814,-81.6332,NA,NA,Hydric Pine,Hydric Pine,unv,0,34.7,34.4,36.8,30.3,34.05,inundated soils,NA,NA,NA,NA,NA,NA,NA,NA,NA,NA,NA,NA,NA,NA,NA,NA,NA,NA,NA,NA,NA,NA,NA,NA,91,92,90,93
132,8/10/17,22,Corkscrew2,6,26.41818,-81.63327,NA,NA,Hydric Pine,Hydric Pine,unv,0,33.3,34.4,31.7,34.1,33.375,inundated soils,NA,NA,NA,NA,NA,NA,NA,NA,NA,NA,NA,NA,NA,NA,NA,NA,NA,NA,NA,NA,NA,NA,NA,NA,119,118,116,113
133,8/11/17,23,Corkscrew3,1,26.41903,-81.6302,NA,NA,Hydric Pine,Hydric Pine,inv,0,37.5,38.7,40.8,33.7,37.675,inundated soils,82,62,101,99.5,98.5,91.5,79.5,88.5,91.5,71.5,76,69,62,50,64,82,19.78,25.36,0,0,13.01,11.64,0,0,NA,NA,NA,NA
134,8/11/17,23,Corkscrew3,2,26.41894,-81.63021,NA,NA,Hydric Pine,Hydric Pine,inv,0,39.2,39.3,37,37.7,38.3,inundated soils,51,40,89.5,89,89,88,83,85.5,78,63.5,63,76,69.5,57.5,42,79,13.6,28.19,0,0,7.93,13.94,0,0,NA,NA,NA,NA
135,8/11/17,23,Corkscrew3,3,26.41895,-81.63018,NA,NA,Hydric Pine,Hydric Pine,inv,0,35.5,38.9,37.9,37.6,37.475,inundated soils,39,43,102,96.5,93.5,93,72.5,76.5,66,48,69,80.5,73,84.5,40.5,87,38.45,62.04,0,0,20.19,25.32,0,0,NA,NA,NA,NA
136,8/11/17,23,Corkscrew3,4,26.419,-81.63011,NA,NA,Hydric Pine,Hydric Pine,unv,0,40.4,40.7,40.9,41.4,40.85,inundated soils,NA,NA,NA,NA,NA,NA,NA,NA,NA,NA,NA,NA,NA,NA,NA,NA,NA,NA,NA,NA,NA,NA,NA,NA,75,82,72,87
137,8/11/17,23,Corkscrew3,5,26.41904,-81.63007,NA,NA,Hydric Pine,Hydric Pine,unv,0,40.8,41,42.2,39.2,40.8,inundated soils,NA,NA,NA,NA,NA,NA,NA,NA,NA,NA,NA,NA,NA,NA,NA,NA,NA,NA,NA,NA,NA,NA,NA,NA,52,61,81,65
138,8/11/17,23,Corkscrew3,6,26.41897,-81.63023,NA,NA,Hydric Pine,Hydric Pine,unv,0,37.2,39.7,35.5,36.5,37.225,inundated soils,NA,NA,NA,NA,NA,NA,NA,NA,NA,NA,NA,NA,NA,NA,NA,NA,NA,NA,NA,NA,NA,NA,NA,NA,151,158,142,153
139,8/11/17,24,Corkscrew4,1,26.41874,-81.62928,NA,NA,Hydric Pine,Hydric Pine,inv,0,42.7,44.1,42,43.4,43.05,inundated soils,37,14,84.5,83.5,83.5,82,77,70,61,67,58,55.5,58.5,52.5,42.5,43.5,2.28,28.78,21.53,0,2.03,14.08,6.96,0,NA,NA,NA,NA
140,8/11/17,24,Corkscrew4,2,26.41881,-81.62929,NA,NA,Hydric Pine,Hydric Pine,inv,0,43.4,43.1,40.9,42.7,42.525,inundated soils,47,18,106,100.5,100.5,100.5,97,98,96,92,71,76,69,67,80.5,89.5,9.07,70.11,3.48,10.48,7.37,33.49,1.56,6.98,NA,NA,NA,NA
141,8/11/17,24,Corkscrew4,3,26.41877,-81.6293,NA,NA,Hydric Pine,Hydric Pine,inv,0,44.6,47.1,48.8,46.1,46.65,inundated soils,25,28,117,111.5,105.5,104,88,91,86,94.5,56.5,89.5,40,100.5,100,95,19.22,41.26,1.98,0,12.81,17.52,1.83,0,NA,NA,NA,NA
142,8/11/17,24,Corkscrew4,4,26.41874,-81.62923,NA,NA,Hydric Pine,Hydric Pine,unv,0,47.7,43.6,42.9,42.8,44.25,inundated soils,NA,NA,NA,NA,NA,NA,NA,NA,NA,NA,NA,NA,NA,NA,NA,NA,NA,NA,NA,NA,NA,NA,NA,NA,175,180,162,172
143,8/11/17,24,Corkscrew4,5,26.41874,-81.62921,NA,NA,Hydric Pine,Hydric Pine,unv,0,42.8,46.5,44.9,46.3,45.125,inundated soils,NA,NA,NA,NA,NA,NA,NA,NA,NA,NA,NA,NA,NA,NA,NA,NA,NA,NA,NA,NA,NA,NA,NA,NA,65,64,70,62
144,8/11/17,24,Corkscrew4,6,26.41878,-81.62925,NA,NA,Hydric Pine,Hydric Pine,unv,0,41.9,47.5,46.3,42.9,44.65,inundated soils,NA,NA,NA,NA,NA,NA,NA,NA,NA,NA,NA,NA,NA,NA,NA,NA,NA,NA,NA,NA,NA,NA,NA,NA,92,105,94,102
145,8/11/17,25,Corkscrew5,1,26.41353,-81.64337,NA,NA,Hydric Pine,Hydric Pine,inv,75,44.7,40.5,42.5,42.7,42.6,inundated soils,29,38,99,97,92.5,91,77,81.5,75,63,51.5,65.5,81,91,86.5,72,11.42,20.38,0,10.2,10.56,12.83,0,9.45,NA,NA,NA,NA
146,8/11/17,25,Corkscrew5,2,26.41347,-81.6433,NA,NA,Hydric Pine,Hydric Pine,inv,70,44.5,44.2,43.8,45.8,44.575,inundated soils,13,7,100.5,97,94.5,91.5,86.5,81,79.5,91,73,74.5,73,47.5,79.5,NA,2.01,7.6,3.62,10.4,1.8,6.11,1.94,9.06,NA,NA,NA,NA
147,8/11/17,25,Corkscrew5,3,26.41349,-81.64333,NA,NA,Hydric Pine,Hydric Pine,inv,81,43.7,42.6,44.4,43.3,43.5,inundated soils,6,5,106.5,96.5,95,79,53,71,NA,NA,NA,NA,NA,NA,NA,NA,1.11,3.02,0,38.13,0.69,2.48,0,32.05,NA,NA,NA,NA
148,8/11/17,25,Corkscrew5,4,26.41353,-81.6433,NA,NA,Hydric Pine,Hydric Pine,unv,48,40.4,42.5,42.8,44.7,42.6,inundated soils,NA,NA,NA,NA,NA,NA,NA,NA,NA,NA,NA,NA,NA,NA,NA,NA,NA,NA,NA,NA,NA,NA,NA,NA,85,90,82,80
149,8/11/17,25,Corkscrew5,5,26.4135,-81.64339,NA,NA,Hydric Pine,Hydric Pine,unv,84,42.4,41.8,40.9,41,41.525,inundated soils,NA,NA,NA,NA,NA,NA,NA,NA,NA,NA,NA,NA,NA,NA,NA,NA,NA,NA,NA,NA,NA,NA,NA,NA,121,120,131,119
150,8/11/17,25,Corkscrew5,6,26.41351,-81.64332,NA,NA,Hydric Pine,Hydric Pine,unv,N/A,41.5,40.4,42,43.8,41.925,inundated soils,NA,NA,NA,NA,NA,NA,NA,NA,NA,NA,NA,NA,NA,NA,NA,NA,NA,NA,NA,NA,NA,NA,NA,NA,NA,NA,NA,NA
151,8/11/17,26,Corkscrew6,1,26.41359,-81.64299,NA,NA,Hydric Pine,Hydric Pine,inv,42,45.5,44.7,44.9,45.4,45.125,inundated soils,24,28,170.5,166.5,154,142.5,110,99.5,82,113,65,82,46,58.5,135.5,112.5,30.89,25.79,0,0,26.33,15.48,0,0,NA,NA,NA,NA
152,8/11/17,26,Corkscrew6,2,26.41365,-81.64305,NA,NA,Hydric Pine,Hydric Pine,inv,39,45.6,46.1,45.1,46.5,45.825,inundated soils,22,56,186,173,161.5,158,89.5,93,74,90,93,101,120,132,101.5,64,23.56,25.97,0,0,21.22,11.57,0,0,NA,NA,NA,NA
153,8/11/17,26,Corkscrew6,3,26.41362,-81.64305,NA,NA,Hydric Pine,Hydric Pine,inv,34,49.8,46.2,44.2,48.1,47.075,inundated soils,29,22,139.5,137.5,131,131,64,71,66.5,84,81,95,60,67.5,96.5,100,8.05,25.36,0,0,7.47,14.81,0,0,NA,NA,NA,NA
154,8/11/17,26,Corkscrew6,4,26.41363,-81.6431,NA,NA,Hydric Pine,Hydric Pine,unv,n/a,35.9,38.1,37.8,36.9,37.175,inundated soils,NA,NA,NA,NA,NA,NA,NA,NA,NA,NA,NA,NA,NA,NA,NA,NA,NA,NA,NA,NA,NA,NA,NA,NA,150,165,172,153
155,8/11/17,26,Corkscrew6,5,26.41366,-81.64319,NA,NA,Hydric Pine,Hydric Pine,unv,n/a,34.4,37.9,36.2,40.4,37.225,inundated soils,NA,NA,NA,NA,NA,NA,NA,NA,NA,NA,NA,NA,NA,NA,NA,NA,NA,NA,NA,NA,NA,NA,NA,NA,161,152,154,149
156,8/11/17,26,Corkscrew6,6,26.41386,-81.64294,NA,NA,Hydric Pine,Hydric Pine,unv,92,48.3,46.2,48.2,47.8,47.625,inundated soils,NA,NA,NA,NA,NA,NA,NA,NA,NA,NA,NA,NA,NA,NA,NA,NA,NA,NA,NA,NA,NA,NA,NA,NA,123,126,119,105
157,8/11/17,27,BobJanes1,1,26.74594,-81.7204,NA,NA,Flatwoods Edge,Flatwoods,inv,0,8.4,10.9,11.5,11.7,10.625,NA,29,10,77.5,77.5,76.5,76.5,69.5,71,74,70,71.5,56,60,50.5,55,56,3.16,18.53,0,4.12,2.52,13.48,0,3.4,NA,NA,NA,NA
158,8/11/17,27,BobJanes1,2,26.74576,-81.72047,NA,NA,Flatwoods Edge,Flatwoods,inv,0,7.5,7.9,9.4,8.9,8.425,NA,22,41,97,95,89.5,89,87.5,79,75.5,70.5,76,79.5,66,71,56,58.5,6.9,13.86,0,0,10.76,10.37,0,0,NA,NA,NA,NA
159,8/11/17,27,BobJanes1,3,26.74581,-81.72047,NA,NA,Flatwoods Edge,Flatwoods,inv,0,8.2,10.5,9.9,8.3,9.225,NA,43,15,99,95.5,90,87,86,80.5,75.5,73.5,71.5,61,63,55.5,48,35.5,2.94,24.18,0,2.76,2.3,15.8,0,1.97,NA,NA,NA,NA
160,8/11/17,27,BobJanes1,4,26.74601,-81.72032,NA,NA,Flatwoods Edge,Flatwoods,unv,66,8.7,8.6,14.4,9.7,10.35,NA,NA,NA,NA,NA,NA,NA,NA,NA,NA,NA,NA,NA,NA,NA,NA,NA,NA,NA,NA,NA,NA,NA,NA,NA,121,119,105,116
161,8/11/17,27,BobJanes1,5,26.74602,-81.72043,NA,NA,Flatwoods Edge,Flatwoods,unv,0,10.3,8.4,8.2,10.2,9.275,NA,NA,NA,NA,NA,NA,NA,NA,NA,NA,NA,NA,NA,NA,NA,NA,NA,NA,NA,NA,NA,NA,NA,NA,NA,146,151,133,140
162,8/11/17,27,BobJanes1,6,26.74608,-81.72043,NA,NA,Flatwoods Edge,Flatwoods,unv,n/a,9.8,9.2,10,11.8,10.2,NA,NA,NA,NA,NA,NA,NA,NA,NA,NA,NA,NA,NA,NA,NA,NA,NA,NA,NA,NA,NA,NA,NA,NA,NA,88,86,82,84
163,8/16/17,28,EdYard1,1,28.70923,-81.10027,NA,NA,Hammock,Hammock,inv,n/a,35.7,39.9,39.9,36.2,37.925,NA,37,0,92,85,76,74,73,69,63,63.5,55,53,49.5,43.5,39,27,0,7.51,0,18.18,0,0.48,0,9.77,NA,NA,NA,NA
164,8/16/17,28,EdYard1,2,28.70928,-81.10046,NA,NA,Hammock,Hammock,inv,95,31.5,34.1,31.2,27.9,31.175,NA,31,2,70,61.5,61.5,63,50,43.5,37,40,33,41.5,41,36,19.5,20,0,4.07,0,15.39,0,1.58,0,11.96,NA,NA,NA,NA
165,8/16/17,28,EdYard1,3,28.70936,-81.10046,NA,NA,Hammock,Hammock,inv,94,41.5,39.8,39.1,35.9,39.075,NA,27,0,82,79.5,73,74,66.5,59,53,28,43,55,64,41,27.5,33,0,6.38,0.59,20.17,0,0.76,0.28,12.38,NA,NA,NA,NA
166,8/16/17,28,EdYard1,4,28.70939,-81.10045,NA,NA,Hammock,Hammock,unv,83,40.2,40.6,40.3,39.3,40.1,NA,NA,NA,NA,NA,NA,NA,NA,NA,NA,NA,NA,NA,NA,NA,NA,NA,NA,NA,NA,NA,NA,NA,NA,NA,79,81,82,72
167,8/16/17,28,EdYard1,5,28.70934,-81.10037,NA,NA,Hammock,Hammock,unv,96,34.5,26.2,23.4,36.5,30.15,NA,NA,NA,NA,NA,NA,NA,NA,NA,NA,NA,NA,NA,NA,NA,NA,NA,NA,NA,NA,NA,NA,NA,NA,NA,70,76,85,76
168,8/16/17,28,EdYard1,6,28.7093,-81.10031,NA,NA,Hammock,Hammock,unv,85,35.2,21,29.9,35.9,30.5,NA,NA,NA,NA,NA,NA,NA,NA,NA,NA,NA,NA,NA,NA,NA,NA,NA,NA,NA,NA,NA,NA,NA,NA,NA,81,127,75,77
169,8/16/17,29,EdYard2,1,28.68682,-81.06401,NA,NA,Pasture,Pasture,inv,0,42.8,42.9,43.6,42.4,42.925,NA,39,12,98.5,95.5,93.5,93,83,86,87,78,61,70,57,50.5,58.5,54,5.72,35.61,0,14.2,0.46,13.4,0,6.35,NA,NA,NA,NA
170,8/16/17,29,EdYard2,2,28.68682,-81.06404,NA,NA,Pasture,Pasture,inv,0,46.5,47.2,43.1,45.1,45.475,NA,40,14,151.5,140.5,144.5,139.5,93.5,95,83.5,68.5,60,79.5,85,81,90,35,4.1,52.89,24.3,12.34,0.53,20.86,8.18,5.47,NA,NA,NA,NA
171,8/16/17,29,EdYard2,3,28.68681,-81.06403,NA,NA,Pasture,Pasture,inv,0,44.7,42.8,39.8,44.5,42.95,NA,48,63,162.5,157.5,157.5,152.5,135.5,118.5,81.5,89,114.5,98.5,114.5,89,92.5,40,26.64,73.03,0,33.06,16.13,31.5,0,10.96,NA,NA,NA,NA
172,8/16/17,29,EdYard2,4,28.68667,-81.06405,NA,NA,Pasture,Pasture,unv,0,39.2,34.9,30.8,36.7,35.4,NA,NA,NA,NA,NA,NA,NA,NA,NA,NA,NA,NA,NA,NA,NA,NA,NA,NA,NA,NA,NA,NA,NA,NA,NA,70,42,55,72
173,8/16/17,29,EdYard2,5,28.68665,-81.06405,NA,NA,Pasture,Pasture,unv,0,35.3,37.4,38.8,34.9,36.6,NA,NA,NA,NA,NA,NA,NA,NA,NA,NA,NA,NA,NA,NA,NA,NA,NA,NA,NA,NA,NA,NA,NA,NA,NA,74,44,58,74
174,8/16/17,29,EdYard2,6,28.68667,-81.06413,NA,NA,Pasture,Pasture,unv,0,41.9,35.1,38.4,41.6,39.25,NA,NA,NA,NA,NA,NA,NA,NA,NA,NA,NA,NA,NA,NA,NA,NA,NA,NA,NA,NA,NA,NA,NA,NA,NA,115,108,112,93
175,8/16/17,30,Clontz1,1,28.66051,-81.06387,NA,NA,Hammock Edge,Hammock,inv,0,38.8,9.5,8.6,37.9,23.7,NA,72,45,89,86.5,86,83.5,77,73.5,76.5,66,56,55.5,48,42.5,64,75,8.55,26.97,0,0,5.08,11.74,0,0,NA,NA,NA,NA
176,8/16/17,30,Clontz1,2,28.6605,-81.0639,NA,NA,Hammock Edge,Hammock,inv,0,17.5,8.8,8.6,9.6,11.125,NA,49,18,94,93.5,91.5,90,89.5,81,75.5,70.5,56,47,41,57,67,70,3.13,26.28,0,4.39,0.09,12.2,0,1.72,NA,NA,NA,NA
177,8/16/17,30,Clontz1,3,28.66055,-81.06388,NA,NA,Hammock Edge,Hammock,inv,0,4.5,7.6,4.9,10.3,6.825,NA,101,81,107,103.5,101.5,101,73,61.5,83.5,89.5,56.5,80,69,76,77,32.5,18.28,55.84,0,3.3,13.38,26.63,0,0.55,NA,NA,NA,NA
178,8/16/17,30,Clontz1,4,28.66045,-81.06389,NA,NA,Hammock Edge,Hammock,unv,44,25.5,11.9,24.4,32.1,23.475,NA,NA,NA,NA,NA,NA,NA,NA,NA,NA,NA,NA,NA,NA,NA,NA,NA,NA,NA,NA,NA,NA,NA,NA,NA,82,81,83,84
179,8/16/17,30,Clontz1,5,28.66042,-81.06386,NA,NA,Hammock Edge,Hammock,unv,0,23.4,23.8,29.1,38.7,28.75,NA,NA,NA,NA,NA,NA,NA,NA,NA,NA,NA,NA,NA,NA,NA,NA,NA,NA,NA,NA,NA,NA,NA,NA,NA,106,101,100,103
180,8/16/17,30,Clontz1,6,28.66044,-81.06388,NA,NA,Hammock Edge,Hammock,unv,0,12.2,5.3,4.8,4.9,6.8,NA,NA,NA,NA,NA,NA,NA,NA,NA,NA,NA,NA,NA,NA,NA,NA,NA,NA,NA,NA,NA,NA,NA,NA,NA,85,104,81,70
181,8/16/17,31,Brevard1,1,28.40025,-80.61336,NA,NA,Disturbed Scrub,Scrub,inv,0,14.9,13.9,7.5,9.2,11.375,NA,45,36,117,116,108.5,106.5,81.5,76.5,99.5,90,93.5,74.5,70,56,32,88,18.8,56.56,0,85.81,12.22,22.91,0,43.81,NA,NA,NA,NA
182,8/16/17,31,Brevard1,2,28.4003,-80.61334,NA,NA,Disturbed Scrub,Scrub,inv,0,11.4,19.3,9.4,13.9,13.5,NA,37,73,118.5,117.5,113.5,112.5,86,87.5,96.5,88,71,54,66,37.5,66,94.5,84.84,47.7,0,27.46,61.8,18.56,0,18,NA,NA,NA,NA
183,8/16/17,31,Brevard1,3,28.40027,-80.61329,NA,NA,Disturbed Scrub,Scrub,inv,0,13.2,16.4,14.9,9.5,13.5,NA,21,69,128.5,127.5,123,121.5,89,108.5,103.5,49.5,60.5,26.5,94.5,28,82.5,118.5,32.65,31.57,0,57.06,22.32,11.23,0,36.25,NA,NA,NA,NA
184,8/16/17,31,Brevard1,4,28.40049,-80.61343,NA,NA,Disturbed Scrub,Scrub,unv,NA,7,6.9,8.3,7.3,7.375,NA,NA,NA,NA,NA,NA,NA,NA,NA,NA,NA,NA,NA,NA,NA,NA,NA,NA,NA,NA,NA,NA,NA,NA,NA,75,80,82,71
185,8/16/17,31,Brevard1,5,28.40047,-80.61347,NA,NA,Disturbed Scrub,Scrub,unv,NA,8.1,8.3,7.3,7.4,7.775,NA,NA,NA,NA,NA,NA,NA,NA,NA,NA,NA,NA,NA,NA,NA,NA,NA,NA,NA,NA,NA,NA,NA,NA,NA,83,90,72,84
186,8/16/17,31,Brevard1,6,28.40042,-80.61331,NA,NA,Disturbed Scrub,Scrub,unv,NA,3,4.7,6.7,4.2,4.65,NA,NA,NA,NA,NA,NA,NA,NA,NA,NA,NA,NA,NA,NA,NA,NA,NA,NA,NA,NA,NA,NA,NA,NA,NA,91,89,87,77
187,8/16/17,32,Desrete1,1,28.33476,-80.92573,NA,NA,Roadside,Roadside,inv,70,44.3,42.1,41.3,44.9,43.15,inundated soils,72,40,140.5,137.5,137.5,136.5,100.5,103,112,97.5,117.5,71,96,104.5,111.5,105,38.4,150.51,0,10.12,27.05,72.23,0,6.03,NA,NA,NA,NA
188,8/16/17,32,Desrete1,2,28.33438,-80.92551,NA,NA,Roadside,Roadside,inv,45,45.6,44.2,42.4,35.9,42.025,inundated soils,32,8,139,134,133.5,132.5,86.5,78,79,80.5,71,38,92,77,106,103,4.81,50.4,0,7.62,1.89,27.86,0,4.02,NA,NA,NA,NA
189,8/16/17,32,Desrete1,3,28.33446,-80.92546,NA,NA,Roadside,Roadside,inv,68,42.6,47.2,44.5,44.3,44.65,inundated soils,24,29,165.5,162.5,162,158.5,105,147,140.5,98.5,94.5,101,122.5,114.5,84.5,138.5,16.11,45.22,0,36.08,9.74,20.23,0,20.85,NA,NA,NA,NA
190,8/16/17,32,Desrete1,4,28.33448,-80.92555,NA,NA,Roadside,Roadside,unv,31,45.5,42.1,43.4,45.1,44.025,inundated soils,NA,NA,NA,NA,NA,NA,NA,NA,NA,NA,NA,NA,NA,NA,NA,NA,NA,NA,NA,NA,NA,NA,NA,NA,93,96,90,97
191,8/16/17,32,Desrete1,5,28.33445,-80.92549,NA,NA,Roadside,Roadside,unv,64,45.3,43.2,45.1,42.6,44.05,inundated soils,NA,NA,NA,NA,NA,NA,NA,NA,NA,NA,NA,NA,NA,NA,NA,NA,NA,NA,NA,NA,NA,NA,NA,NA,25,38,32,21
192,8/16/17,32,Desrete1,6,28.33444,-80.92549,NA,NA,Roadside,Roadside,unv,93,53,22.9,51.8,37.6,41.325,inundated soils,NA,NA,NA,NA,NA,NA,NA,NA,NA,NA,NA,NA,NA,NA,NA,NA,NA,NA,NA,NA,NA,NA,NA,NA,52,58,60,49
193,8/21/17,33,KissPrSP1,1,27.54849,-81.04393,NA,NA,Open Dry Prairie,Open Dry Prairie,inv,0,22.7,28.6,25.4,27.6,26.075,prescribed fire 3 months ago,26,0,54.5,57.5,56,53.5,42,41,45,50,31.5,47,32.5,31.5,32,45.5,0,14.98,0,0,0,5.21,0,0,NA,NA,NA,NA
194,8/21/17,33,KissPrSP1,2,27.54843,-81.04404,NA,NA,Open Dry Prairie,Open Dry Prairie,inv,0,26,26.5,29.7,27.9,27.525,prescribed fire 3 months ago,32,0,53.5,53,49,51,42,45,25.5,24.5,40,44,45,44,35,29,0,14.02,0,0,0,4.92,0,0,NA,NA,NA,NA
195,8/21/17,33,KissPrSP1,3,27.54844,-81.04402,NA,NA,Open Dry Prairie,Open Dry Prairie,inv,0,21,29.7,22.9,27.9,25.375,prescribed fire 3 months ago,25,NA,NA,NA,NA,NA,NA,NA,NA,NA,NA,NA,NA,NA,NA,NA,0,14.62,0,0,0,4.22,0,0,NA,NA,NA,NA
196,8/21/17,33,KissPrSP1,4,27.54835,-81.04401,NA,NA,Open Dry Prairie,Open Dry Prairie,unv,0,23.7,24.4,22.6,25.6,24.075,prescribed fire 3 months ago,NA,NA,NA,NA,NA,NA,NA,NA,NA,NA,NA,NA,NA,NA,NA,NA,NA,NA,NA,NA,NA,NA,NA,NA,55,61,42,36
197,8/21/17,33,KissPrSP1,5,27.54836,-81.04404,NA,NA,Open Dry Prairie,Open Dry Prairie,unv,0,25.3,23.7,20.6,25.3,23.725,prescribed fire 3 months ago,NA,NA,NA,NA,NA,NA,NA,NA,NA,NA,NA,NA,NA,NA,NA,NA,NA,NA,NA,NA,NA,NA,NA,NA,70,63,72,65
198,8/21/17,33,KissPrSP1,6,27.54835,-81.04407,NA,NA,Open Dry Prairie,Open Dry Prairie,unv,0,20.3,12.1,22.9,17.3,18.15,prescribed fire 3 months ago,NA,NA,NA,NA,NA,NA,NA,NA,NA,NA,NA,NA,NA,NA,NA,NA,NA,NA,NA,NA,NA,NA,NA,NA,62,70,51,53
199,9/19/17,34,HappinessHomes1,1,29.20422,-82.16478,NA,NA,Disturbed Hammock,Hammock,inv,91,1.5,1.2,0.9,1.9,1.375,NA,44,26,155,154,153,152,139,130.5,83,107.5,111,104,75,99,112.5,76,7.85,71.3,0,36.01,6.2,25.01,0,28.17,NA,NA,NA,NA
200,9/19/17,34,HappinessHomes1,2,29.20431,-82.16477,NA,NA,Disturbed Hammock,Hammock,inv,89,0.3,1.1,1.5,1.3,1.05,NA,43,21,140,139.5,136,137,122,129,116,125,104,126,72.5,74,97,102.5,11.74,71.25,0,31.72,9.03,25.24,0,26.35,NA,NA,NA,NA
201,9/19/17,34,HappinessHomes1,3,29.20425,-82.16483,NA,NA,Disturbed Hammock,Hammock,inv,92,1.4,2.5,3.4,2.3,2.4,NA,31,14,141.5,138,138,134,130.5,132,115,121,122,115.5,97.5,103,134.5,111,7.72,52.06,0,38.18,5.39,17.68,0,31.9,NA,NA,NA,NA
202,9/19/17,34,HappinessHomes1,4,29.20416,-82.16479,NA,NA,Disturbed Hammock,Hammock,unv,94,0.9,2.1,1.1,2.8,1.725,NA,NA,NA,NA,NA,NA,NA,NA,NA,NA,NA,NA,NA,NA,NA,NA,NA,NA,NA,NA,NA,NA,NA,NA,NA,70,73,58,64
203,9/19/17,34,HappinessHomes1,5,29.20417,-82.16475,NA,NA,Disturbed Hammock,Hammock,unv,95,3.3,2.5,2,3.1,2.725,NA,NA,NA,NA,NA,NA,NA,NA,NA,NA,NA,NA,NA,NA,NA,NA,NA,NA,NA,NA,NA,NA,NA,NA,NA,52,54,63,51
204,9/19/17,34,HappinessHomes1,6,29.20414,-82.16484,NA,NA,Disturbed Hammock,Hammock,unv,96,0.5,1.5,2.8,0.7,1.375,NA,NA,NA,NA,NA,NA,NA,NA,NA,NA,NA,NA,NA,NA,NA,NA,NA,NA,NA,NA,NA,NA,NA,NA,NA,41,38,30,36
205,9/20/17,35,Reddick1,1,29.35337,-82.33543,14,NA,Hammock,Hammock,inv,95,22.5,27.4,29.7,24.4,26,NA,23,16,154.5,151,144,141,86,85.5,91,59.5,49.5,124,127,122,117.5,116,7.29,35.81,1.74,30.78,4.94,14.89,0.74,15.8,NA,NA,NA,NA
206,9/20/17,35,Reddick1,2,29.35337,-82.3354,18,NA,Hammock,Hammock,inv,89,29.4,30.4,19.9,22.4,25.525,NA,21,8,156.5,152.5,147.5,146,140,129.5,136.5,136.5,147,132.5,72.5,102,119,116.5,1.43,29.3,0,49.32,0.88,11.98,0,34.62,NA,NA,NA,NA
207,9/20/17,35,Reddick1,3,29.35334,-82.33543,16,NA,Hammock,Hammock,inv,93,29.5,28.4,23.1,22.8,25.95,NA,24,9,150,143.5,142.5,142,140,139,128,134,126.5,130,135.5,104.5,59.5,45.5,2.29,34.7,0.32,37.25,1.56,16.01,0.16,22.9,NA,NA,NA,NA
208,9/20/17,35,Reddick1,4,29.35331,-82.33546,13,NA,Hammock,Hammock,unv,93,21.9,25.7,16.9,27.4,22.975,NA,NA,NA,NA,NA,NA,NA,NA,NA,NA,NA,NA,NA,NA,NA,NA,NA,NA,NA,NA,NA,NA,NA,NA,NA,67,46,40,50
209,9/20/17,35,Reddick1,5,29.35325,-82.33543,17,NA,Hammock,Hammock,unv,93,27.1,30.8,24.5,25,26.85,NA,NA,NA,NA,NA,NA,NA,NA,NA,NA,NA,NA,NA,NA,NA,NA,NA,NA,NA,NA,NA,NA,NA,NA,NA,62,58,56,32
210,9/20/17,35,Reddick1,6,29.3533,-82.33549,NA,NA,Hammock,Hammock,unv,90,25.2,20.3,26.9,20.7,23.275,NA,NA,NA,NA,NA,NA,NA,NA,NA,NA,NA,NA,NA,NA,NA,NA,NA,NA,NA,NA,NA,NA,NA,NA,NA,45,25,31,43
211,9/20/17,36,Reddick2,1,29.35931,-82.33569,13,NA,Pine Plantation,Pine Plantation,inv,81,35.1,33.9,37.2,38.7,36.225,NA,21,21,119,118.5,116,116,113.5,110.5,104.5,94.5,103,91,114,105,94,90,3.82,21.53,0,85.95,3.23,12.36,0,60.74,NA,NA,NA,NA
212,9/20/17,36,Reddick2,2,29.35936,-82.33578,NA,NA,Pine Plantation,Pine Plantation,inv,77,37.6,40.8,37.2,38.9,38.625,NA,35,26,142.5,142.5,141.5,137,125.5,130,104,115,96.5,133,103,89.5,117.5,99,7.81,60.49,0,52.83,6.14,29.39,0,37.6,NA,NA,NA,NA
213,9/20/17,36,Reddick2,3,29.35939,-82.33582,15,NA,Pine Plantation,Pine Plantation,inv,80,38.6,35.3,39.1,31.2,36.05,NA,29,16,133,128,127.5,127.5,124,115,118,114,110,120,111.5,121.5,110.5,119,4.04,37.28,0,49.7,3.05,18.68,0,34.68,NA,NA,NA,NA
214,9/20/17,36,Reddick2,4,29.35951,-82.33562,12,NA,Pine Plantation,Pine Plantation,unv,70,40.6,34.8,35.7,30,35.275,NA,NA,NA,NA,NA,NA,NA,NA,NA,NA,NA,NA,NA,NA,NA,NA,NA,NA,NA,NA,NA,NA,NA,NA,NA,140,133,127,106
215,9/20/17,36,Reddick2,5,29.35952,82.33553,15,NA,Pine Plantation,Pine Plantation,unv,75,28.3,31.9,28.8,27.6,29.15,NA,NA,NA,NA,NA,NA,NA,NA,NA,NA,NA,NA,NA,NA,NA,NA,NA,NA,NA,NA,NA,NA,NA,NA,NA,71,103,112,64
216,9/20/17,36,Reddick2,6,29.35952,-82.33553,13,NA,Pine Plantation,Pine Plantation,unv,60,35.1,34.5,34.5,31.1,33.8,NA,NA,NA,NA,NA,NA,NA,NA,NA,NA,NA,NA,NA,NA,NA,NA,NA,NA,NA,NA,NA,NA,NA,NA,NA,91,93,89,90
217,9/25/17,37,SilverShores1,1,29.09699,-82.00275,13,NA,Pine Plantation,Pine Plantation,inv,86,1.6,0,0.9,1.4,0.975,NA,42,29,132,122,118,118,96.5,110,76.5,117,57.5,40,115.5,94.5,114.5,89,10.43,28.94,0,32.32,8.59,16.47,0,27.07,NA,NA,NA,NA
218,9/25/17,37,SilverShores1,2,29.09704,-82.00285,15,NA,Pine Plantation,Pine Plantation,inv,74,0.3,0.4,0,1.1,0.45,NA,20,49,142,140,139,135,134,134.5,117.5,63.5,125,120.5,120,90.5,106,94.5,13.83,25.23,0,52.8,11.73,13.94,0,43.02,NA,NA,NA,NA
219,9/25/17,37,SilverShores1,3,29.09698,-82.00279,14,NA,Pine Plantation,Pine Plantation,inv,62,0.3,0.7,0.6,0.5,0.525,NA,31,67,121.5,119,118.5,117.5,112.5,110,77,69.5,53,49.5,72.5,63,92,82,9.88,19.05,0,47.93,8.22,10.5,0,39.52,NA,NA,NA,NA
220,9/25/17,37,SilverShores1,4,29.09695,-82.00293,15,NA,Pine Plantation,Pine Plantation,unv,66,0.4,2.3,1.3,1.1,1.275,NA,NA,NA,NA,NA,NA,NA,NA,NA,NA,NA,NA,NA,NA,NA,NA,NA,NA,NA,NA,NA,NA,NA,NA,NA,41,48,50,42
221,9/25/17,37,SilverShores1,5,29.09686,-82.00289,14,NA,Pine Plantation,Pine Plantation,unv,45,0.3,1.6,2.1,1.9,1.475,NA,NA,NA,NA,NA,NA,NA,NA,NA,NA,NA,NA,NA,NA,NA,NA,NA,NA,NA,NA,NA,NA,NA,NA,NA,55,54,44,27
222,9/25/17,37,SilverShores1,6,29.09678,-82.00279,15,NA,Pine Plantation,Pine Plantation,unv,73,1.7,1.1,2.6,1.2,1.65,NA,NA,NA,NA,NA,NA,NA,NA,NA,NA,NA,NA,NA,NA,NA,NA,NA,NA,NA,NA,NA,NA,NA,NA,NA,66,54,52,48
223,9/25/17,38,SilverShores2,1,29.09312,-81.9996,13,NA,Pine Plantation,Pine Plantation,inv,65,0.3,0.5,0,0.2,0.25,NA,46,39,108.5,108.5,104.5,102.5,62.5,87.5,100,87,94,76,85,64,75.5,85.5,9.67,35.39,0.79,32.26,7.66,20.49,0.16,26.89,NA,NA,NA,NA
224,9/25/17,38,SilverShores2,2,29.09312,-81.99962,13,NA,Pine Plantation,Pine Plantation,inv,30,0,0.1,0.9,0.7,0.425,NA,50,38,139,15.5,131.5,125,75.5,101,109,104,62,69.5,112.5,63,111,79,8.6,51.68,0,24.09,6.49,27.28,0,19.96,NA,NA,NA,NA
225,9/25/17,38,SilverShores2,3,29.09315,-81.99963,12,NA,Pine Plantation,Pine Plantation,inv,90,0.4,1.1,0.3,0,0.45,NA,46,29,140.5,133.5,133.5,127,70.5,102,73.5,108.5,101,113,118.5,109,117.5,124,8.56,48.32,0,55.11,6.69,24.48,0,45.25,NA,NA,NA,NA
226,9/25/17,38,SilverShores2,4,29.09311,-81.99963,14,NA,Pine Plantation,Pine Plantation,unv,34,0,0.4,0.5,0.4,0.325,NA,NA,NA,NA,NA,NA,NA,NA,NA,NA,NA,NA,NA,NA,NA,NA,NA,NA,NA,NA,NA,NA,NA,NA,NA,125,121,106,127
227,9/25/17,38,SilverShores2,5,29.09308,-81.99966,10,NA,Pine Plantation,Pine Plantation,unv,80,0.1,1.9,0,0.9,0.725,NA,NA,NA,NA,NA,NA,NA,NA,NA,NA,NA,NA,NA,NA,NA,NA,NA,NA,NA,NA,NA,NA,NA,NA,NA,69,70,65,68
228,9/25/17,38,SilverShores2,6,29.09301,-81.99965,14,NA,Pine Plantation,Pine Plantation,unv,54,1.3,0.9,0.3,2,1.125,NA,NA,NA,NA,NA,NA,NA,NA,NA,NA,NA,NA,NA,NA,NA,NA,NA,NA,NA,NA,NA,NA,NA,NA,NA,98,102,81,64
229,9/25/17,39,SilverShores3,1,29.06808,-82.00653,17,NA,Pine Plantation,Pine Plantation,inv,66,0.8,0,0.9,0,0.425,NA,38,32,134.5,132,129.5,125,88,120,117,39,106,98,111.5,90.5,52.5,103,8.48,34.32,0,24.88,6.2,20.08,0,20.14,NA,NA,NA,NA
230,9/25/17,39,SilverShores3,2,29.06804,-82.0065,14,NA,Pine Plantation,Pine Plantation,inv,65,0.3,0.2,0,0,0.125,NA,14,30,140.5,138,131,129,126,30,120,35,111,125.5,107.5,110.5,118.5,114,6.29,31.12,0,19.81,4.22,18.42,0,15.68,NA,NA,NA,NA
231,9/25/17,39,SilverShores3,3,29.06807,-82.00648,14,NA,Pine Plantation,Pine Plantation,inv,69,0.3,0.3,0.3,0.6,0.375,NA,8,16,100,97.5,93,90.5,89,82,70.5,90,NA,NA,NA,NA,NA,NA,2.44,5.63,0,12.22,1.15,3.13,0,9.38,NA,NA,NA,NA
232,9/25/17,39,SilverShores3,4,29.068,-82.00643,13,NA,Pine Plantation,Pine Plantation,unv,73,0.6,0.9,0.9,0.6,0.75,NA,NA,NA,NA,NA,NA,NA,NA,NA,NA,NA,NA,NA,NA,NA,NA,NA,NA,NA,NA,NA,NA,NA,NA,NA,64,69,66,59
233,9/25/17,39,SilverShores3,5,29.06793,-82.00671,11,NA,Pine Plantation,Pine Plantation,unv,77,1.7,0.8,0.9,0.8,1.05,NA,NA,NA,NA,NA,NA,NA,NA,NA,NA,NA,NA,NA,NA,NA,NA,NA,NA,NA,NA,NA,NA,NA,NA,NA,73,74,72,70
234,9/25/17,39,SilverShores3,6,29.06794,-82.00675,12,NA,Pine Plantation,Pine Plantation,unv,92,1.3,0.3,0.9,0.8,0.825,NA,NA,NA,NA,NA,NA,NA,NA,NA,NA,NA,NA,NA,NA,NA,NA,NA,NA,NA,NA,NA,NA,NA,NA,NA,13,10,9,11
235,9/28/17,40,Archer1,1,29.53911,-82.51585,58,NA,Pine Plantation,Pine Plantation,inv,75,4.4,3.1,4.5,5.5,4.375,NA,13,15,176.5,174.5,163,158,148,147.5,119.5,155,154,19,94.5,157.5,NA,NA,7.85,21.11,0,46.54,5.35,9.43,0,37.95,NA,NA,NA,NA
236,9/28/17,40,Archer1,2,29.53953,-82.51617,14,NA,Pine Plantation,Pine Plantation,inv,62,3,5.2,3.3,5.9,4.35,NA,12,4,177,171,168.5,166,160,157,138,159.5,127,138.5,98,50,NA,NA,2.79,30.4,0,39.57,0.91,10.71,0,31.52,NA,NA,NA,NA
237,9/28/17,40,Archer1,3,29.53945,-82.51618,14,NA,Pine Plantation,Pine Plantation,inv,54,5.4,5.7,2.1,7.3,5.125,NA,10,18,160.5,159.5,150.5,147,117,141,136.5,142,124.5,136,NA,NA,NA,NA,15.06,15.7,0,34.33,11.78,8.52,0,28.34,NA,NA,NA,NA
238,9/28/17,40,Archer1,4,29.53936,-82.51608,18,NA,Pine Plantation,Pine Plantation,unv,96,3.6,2.4,2.7,2.4,2.775,NA,NA,NA,NA,NA,NA,NA,NA,NA,NA,NA,NA,NA,NA,NA,NA,NA,NA,NA,NA,NA,NA,NA,NA,NA,27,32,30,29
239,9/28/17,40,Archer1,5,29.5393,-82.51605,14,NA,Pine Plantation,Pine Plantation,unv,96,3.7,2.2,4,2.6,3.125,NA,NA,NA,NA,NA,NA,NA,NA,NA,NA,NA,NA,NA,NA,NA,NA,NA,NA,NA,NA,NA,NA,NA,NA,NA,24,22,20,18
240,9/28/17,40,Archer1,6,29.5394,-82.51611,17,NA,Pine Plantation,Pine Plantation,unv,95,3.5,2.3,4.2,2.5,3.125,NA,NA,NA,NA,NA,NA,NA,NA,NA,NA,NA,NA,NA,NA,NA,NA,NA,NA,NA,NA,NA,NA,NA,NA,NA,48,29,25,22
241,9/29/17,41,Wingate1,1,27.44186,-82.13833,13,NA,Xeric Hammock,Hammock,inv,72,2.6,2.1,1.8,2.5,2.25,NA,39,6,116,115,114.5,113,68,75,44,89.5,86,114,112,111,95,101,2.6,30.34,0,23.16,1.37,16.72,0,17.91,NA,NA,NA,NA
242,9/29/17,41,Wingate1,2,27.44188,-82.1384,16,NA,Xeric Hammock,Hammock,inv,81,2.4,2,3.3,2.2,2.475,NA,24,16,112.5,111.5,111,110.5,89.5,45,105.5,88,95.5,81,80,62,26.5,42,5.4,14.05,0,50.28,3.98,8.75,0,40.63,NA,NA,NA,NA
243,9/29/17,41,Wingate1,3,27.44182,-82.1384,18,NA,Xeric Hammock,Hammock,inv,82,4.7,2.8,2.8,5.3,3.9,NA,22,15,111,109,107,105.5,58,94.5,78.5,99,105,104,91,85,84,64,6.55,11.62,0,45.64,4.74,6.81,0,37.05,NA,NA,NA,NA
244,9/29/17,41,Wingate1,4,27.44199,-82.13832,16,NA,Xeric Hammock,Hammock,unv,93,4.2,3.2,3.7,5.1,4.05,NA,NA,NA,NA,NA,NA,NA,NA,NA,NA,NA,NA,NA,NA,NA,NA,NA,NA,NA,NA,NA,NA,NA,NA,NA,147,70,31,18
245,9/29/17,41,Wingate1,5,27.44201,-82.13826,14,NA,Xeric Hammock,Hammock,unv,60,3.6,2.7,3.4,4.2,3.475,NA,NA,NA,NA,NA,NA,NA,NA,NA,NA,NA,NA,NA,NA,NA,NA,NA,NA,NA,NA,NA,NA,NA,NA,NA,51,58,52,55
246,9/29/17,41,Wingate1,6,27.44205,-82.13833,13,NA,Xeric Hammock,Hammock,unv,63,6.9,5.8,5.3,5.1,5.775,NA,NA,NA,NA,NA,NA,NA,NA,NA,NA,NA,NA,NA,NA,NA,NA,NA,NA,NA,NA,NA,NA,NA,NA,NA,94,85,65,72
247,9/29/17,42,Manatee1,1,27.675,-82.37661,19,NA,Sand Pine Scrub,Scrub,inv,0,14.1,13.3,11.5,7.2,11.525,NA,12,12,93,90,88,85,78.5,85,74.5,76,83,83,74.5,66,NA,NA,4.23,9.26,1.96,5.91,2.92,6.12,0.95,4.22,NA,NA,NA,NA
248,9/29/17,42,Manatee1,2,27.6751,-82.37671,20,NA,Sand Pine Scrub,Scrub,inv,0,10.7,10.5,9.1,13.5,10.95,NA,15,17,101,99.5,96,96,49,41.5,96,45,45.5,53.5,19,95.5,79,87.5,5.51,10.6,9.44,20.42,4.05,6.64,5.79,16.49,NA,NA,NA,NA
249,9/29/17,42,Manatee1,3,27.67507,-82.37662,10,NA,Sand Pine Scrub,Scrub,inv,0,16.6,17.3,16.5,10.8,15.3,NA,11,8,100,93.5,85,83,65.5,78,85,60.5,83,93.5,76,NA,NA,NA,2.44,8.19,1.09,8.98,1.42,4.9,0.15,6.94,NA,NA,NA,NA
250,9/29/17,42,Manatee1,4,27.67507,-82.37659,15,NA,Sand Pine Scrub,Scrub,unv,0,6.5,4.4,4.7,7.1,5.675,NA,NA,NA,NA,NA,NA,NA,NA,NA,NA,NA,NA,NA,NA,NA,NA,NA,NA,NA,NA,NA,NA,NA,NA,NA,87,86,82,80
251,9/29/17,42,Manatee1,5,27.67501,-82.37662,21,NA,Sand Pine Scrub,Scrub,unv,0,8.9,7.5,11.9,16.9,11.3,NA,NA,NA,NA,NA,NA,NA,NA,NA,NA,NA,NA,NA,NA,NA,NA,NA,NA,NA,NA,NA,NA,NA,NA,NA,100,105,103,94
252,9/29/17,42,Manatee1,6,27.67498,-82.37667,10,NA,Sand Pine Scrub,Scrub,unv,0,9.9,11.2,9.5,8.6,9.8,NA,NA,NA,NA,NA,NA,NA,NA,NA,NA,NA,NA,NA,NA,NA,NA,NA,NA,NA,NA,NA,NA,NA,NA,NA,91,102,98,93
253,10/2/17,43,Osceola1,1,28.25126,-81.17464,22,NA,Longleaf Flatwoods,Flatwoods,inv,60,44.1,42.4,42.8,43.7,43.25,NA,48,5,136.5,139,125,123.5,75,111,96,115.5,63.5,116,89.5,91.5,107.5,113.5,1.46,55.68,0,119.98,0.81,26.96,0,56.31,NA,NA,NA,NA
254,10/2/17,43,Osceola1,2,28.2512,-81.17466,14,NA,Longleaf Flatwoods,Flatwoods,inv,55,41.7,47.6,41.8,41.8,43.225,NA,53,29,154.5,154,151,150,119,138,97.5,67.5,97,146.5,142.5,127.5,115,144,13.46,93.33,0,55.98,9.37,41.21,0,29.21,NA,NA,NA,NA
255,10/2/17,43,Osceola1,3,28.25118,-81.17455,15,NA,Longleaf Flatwoods,Flatwoods,inv,32,43.9,43.7,43.1,43,43.425,NA,92,21,157,139,137.5,136,130,58,37.5,47,123,104,126,135,92,51,6.84,127.4,0,54.99,4.9,53.93,0,27.28,NA,NA,NA,NA
256,10/2/17,43,Osceola1,4,28.25121,-81.1745,15,NA,Longleaf Flatwoods,Flatwoods,unv,51,43.3,43.9,44.5,43.9,43.9,NA,NA,NA,NA,NA,NA,NA,NA,NA,NA,NA,NA,NA,NA,NA,NA,NA,NA,NA,NA,NA,NA,NA,NA,NA,160,156,133,152
257,10/2/17,43,Osceola1,5,28.25121,-81.17446,15,NA,Longleaf Flatwoods,Flatwoods,unv,46,43.9,46.4,42.8,41.9,43.75,NA,NA,NA,NA,NA,NA,NA,NA,NA,NA,NA,NA,NA,NA,NA,NA,NA,NA,NA,NA,NA,NA,NA,NA,NA,160,153,143,151
258,10/2/17,43,Osceola1,6,28.25115,-81.17458,13,NA,Longleaf Flatwoods,Flatwoods,unv,49,44.7,44.2,44.3,44.6,44.45,NA,NA,NA,NA,NA,NA,NA,NA,NA,NA,NA,NA,NA,NA,NA,NA,NA,NA,NA,NA,NA,NA,NA,NA,NA,187,182,181,176
259,10/2/17,44,ShingleCreek1,1,28.31362,-81.45078,15,NA,Disturbed Hammock Edge,Hammock,inv,75,24,22.9,24.9,27.3,24.775,NA,142,91,126,118,119,116.5,75,73.5,107,107,116,111,86.5,97,105.1,86,36.61,54.22,0,36.1,31.68,36.36,0,31.59,NA,NA,NA,NA
260,10/2/17,44,ShingleCreek1,2,28.3137,-81.45078,10,NA,Disturbed Hammock Edge,Hammock,inv,83,22.3,21.6,16.8,20.7,20.35,NA,79,20,126,115,111.5,110,106,96.5,70,58,64.5,79,103.5,107,92,97,6.3,51.32,0,15.88,5.07,28.99,0,12.22,NA,NA,NA,NA
261,10/2/17,44,ShingleCreek1,3,28.3137,-81.45083,11,NA,Disturbed Hammock Edge,Hammock,inv,80,24.2,18.8,19.9,19.1,20.5,NA,57,12,111.5,105,104,104,51,58.5,84,70.5,65,91,87,93,81,101,2.56,31.86,0,31.58,2.17,13.81,0,24.52,NA,NA,NA,NA
262,10/2/17,44,ShingleCreek1,4,28.3138,-81.45112,12,NA,Disturbed Hammock Edge,Hammock,unv,43,27.1,31.4,27,30.1,28.9,NA,NA,NA,NA,NA,NA,NA,NA,NA,NA,NA,NA,NA,NA,NA,NA,NA,NA,NA,NA,NA,NA,NA,NA,NA,125,120,119,132
263,10/2/17,44,ShingleCreek1,5,28.31374,-81.45104,11,NA,Disturbed Hammock Edge,Hammock,unv,49,30.9,24.4,23.9,26.4,26.4,NA,NA,NA,NA,NA,NA,NA,NA,NA,NA,NA,NA,NA,NA,NA,NA,NA,NA,NA,NA,NA,NA,NA,NA,NA,121,135,123,115
264,10/2/17,44,ShingleCreek1,6,28.31378,-81.45112,10,NA,Disturbed Hammock Edge,Hammock,unv,40,29.7,30.7,28.6,33.2,30.55,NA,NA,NA,NA,NA,NA,NA,NA,NA,NA,NA,NA,NA,NA,NA,NA,NA,NA,NA,NA,NA,NA,NA,NA,NA,110,120,113,121
265,10/4/17,45,Tomoka1,1,29.31026,-81.08697,15,NA,Flatwoods,Flatwoods,inv,0,42.5,38.5,48.9,41.5,42.85,roller chopped in Oct '16,117,22,153,150.5,147.5,147,75.5,117,123,85.5,105,135,139,129.5,119,133.5,8.52,151.24,5.01,49.24,6.23,76.87,2.85,32.54,NA,NA,NA,NA
266,10/4/17,45,Tomoka1,2,29.31021,-81.08697,14,NA,Flatwoods,Flatwoods,inv,0,43.9,34.7,37.5,35.3,37.85,roller chopped in Oct '16,97,23,126,121,118.5,114,87,82.5,98,111.5,111.5,85,105,111,120,113,5.11,88.38,0,16.33,3.99,51.45,0,12.9,NA,NA,NA,NA
267,10/4/17,45,Tomoka1,3,29.31023,-81.08702,14,NA,Flatwoods,Flatwoods,inv,0,31.2,37.5,32.1,31.9,33.175,roller chopped in Oct '16,84,29,123,117,114,107,82,87,86,113.5,96,95,97,73,113,103.5,9.14,77.37,2.31,11.26,7.2,39.67,0.89,7.99,NA,NA,NA,NA
268,10/4/17,45,Tomoka1,4,29.31015,-81.08717,13,NA,Flatwoods,Flatwoods,inv,0,42.6,42.2,42,49.4,44.05,roller chopped in Oct '16,NA,NA,NA,NA,NA,NA,NA,NA,NA,NA,NA,NA,NA,NA,NA,NA,NA,NA,NA,NA,NA,NA,NA,NA,129,101,45,32
269,10/4/17,45,Tomoka1,5,29.31017,-81.0872,13,NA,Flatwoods,Flatwoods,inv,n/a,46.9,49.2,46.9,47.3,47.575,roller chopped in Oct '16,NA,NA,NA,NA,NA,NA,NA,NA,NA,NA,NA,NA,NA,NA,NA,NA,NA,NA,NA,NA,NA,NA,NA,NA,139,141,123,133
270,10/4/17,45,Tomoka1,6,29.31013,-81.08726,11,NA,Flatwoods,Flatwoods,inv,25,40.4,46.9,47.5,45.4,45.05,roller chopped in Oct '16,NA,NA,NA,NA,NA,NA,NA,NA,NA,NA,NA,NA,NA,NA,NA,NA,NA,NA,NA,NA,NA,NA,NA,NA,169,156,161,163
271,10/5/17,46,Etoniah1,1,29.74187,-81.8119,11,NA,Sandhill,Sandhill,inv,NA,5.2,3.5,3,3.1,3.7,NA,12,61,99,98.5,98,87,81,76.5,75,71,99,84,77.5,98.5,NA,NA,14,9.67,1.39,22.21,11.65,6.35,0.8,17.81,NA,NA,NA,NA
272,10/5/17,46,Etoniah1,2,29.74185,-81.81192,11,NA,Sandhill,Sandhill,inv,NA,3.8,3.6,2.8,3.5,3.425,NA,7,32,79.5,79,70.5,69,68.5,79,70.5,NA,NA,NA,NA,NA,NA,NA,8.84,5.61,1.62,13.69,6.77,3.19,1,10.71,NA,NA,NA,NA
273,10/5/17,46,Etoniah1,3,29.74185,-81.8119,10,NA,Sandhill,Sandhill,inv,NA,2.8,6.1,4.8,3,4.175,NA,83,39,83,76,72,68,58,76,72,54.5,65,69,58.5,42,52,51,4.26,17.5,0,29.69,2.99,7.83,0,18.89,NA,NA,NA,NA
274,10/5/17,46,Etoniah1,4,29.74183,-81.81192,10,NA,Sandhill,Sandhill,unv,NA,3.4,4.2,4.5,3.7,3.95,NA,NA,NA,NA,NA,NA,NA,NA,NA,NA,NA,NA,NA,NA,NA,NA,NA,NA,NA,NA,NA,NA,NA,NA,NA,109,106,101,98
275,10/5/17,46,Etoniah1,5,29.74183,-81.8119,10,NA,Sandhill,Sandhill,unv,NA,2.6,3.9,2.3,0.1,2.225,NA,NA,NA,NA,NA,NA,NA,NA,NA,NA,NA,NA,NA,NA,NA,NA,NA,NA,NA,NA,NA,NA,NA,NA,NA,116,111,122,114
276,10/5/17,46,Etoniah1,6,29.74189,-81.81184,11,NA,Sandhill,Sandhill,unv,NA,2.9,3,2.7,3.9,3.125,NA,NA,NA,NA,NA,NA,NA,NA,NA,NA,NA,NA,NA,NA,NA,NA,NA,NA,NA,NA,NA,NA,NA,NA,NA,20,25,21,19
277,10/11/17,47,3Lakes1,1,27.90176,-81.07138,16,NA,Pasture (Flatwoods Restoration Area),Pasture,inv,0,43,42.9,42.2,41.2,42.325,NA,55,13,97.5,95.5,95.5,91,84,82,87.5,62.5,61.5,52.5,55,77,81.5,76,1.28,40.35,39.17,0,1.61,19.02,15.26,0,NA,NA,NA,NA
278,10/11/17,47,3Lakes1,2,27.90174,-81.07146,16,NA,Pasture (Flatwoods Restoration Area),Pasture,inv,0,43.9,41.8,44,41.7,42.85,NA,71,21,117.5,116,114,111.5,99.5,104.5,84,90,64.5,69.5,73,88.5,93,92.5,4.86,62.27,27.15,0,2.6,29.39,12.24,0,NA,NA,NA,NA
279,10/11/17,47,3Lakes1,3,27.9018,-81.07139,16,NA,Pasture (Flatwoods Restoration Area),Pasture,inv,0,43.6,42.8,44.1,44.6,43.775,NA,50,11,118,114,110.5,108.5,89.5,77.5,82,47.5,68.5,85,97.5,98.5,93.5,76.5,1.72,42.61,21.03,0,0.19,21.57,11.03,0,NA,NA,NA,NA
280,10/11/17,47,3Lakes1,4,27.90182,-81.07153,16,NA,Pasture (Flatwoods Restoration Area),Pasture,unv,0,40.9,41.5,40.4,41.8,41.15,NA,NA,NA,NA,NA,NA,NA,NA,NA,NA,NA,NA,NA,NA,NA,NA,NA,NA,NA,NA,NA,NA,NA,NA,NA,101,106,96,98
281,10/11/17,47,3Lakes1,5,27.90181,-81.07149,16,NA,Pasture (Flatwoods Restoration Area),Pasture,unv,0,41.3,38,39,39.3,39.4,NA,NA,NA,NA,NA,NA,NA,NA,NA,NA,NA,NA,NA,NA,NA,NA,NA,NA,NA,NA,NA,NA,NA,NA,NA,121,111,101,106
282,10/11/17,47,3Lakes1,6,27.90187,-81.07148,16,NA,Pasture (Flatwoods Restoration Area),Pasture,unv,0,40.7,39.2,41.8,41.7,40.85,NA,NA,NA,NA,NA,NA,NA,NA,NA,NA,NA,NA,NA,NA,NA,NA,NA,NA,NA,NA,NA,NA,NA,NA,NA,111,106,101,96
283,10/13/17,48,Goethe1,1,29.27101,-82.54917,18,NA,Sandhill,Sandhill,inv,88,5.3,3.8,4.3,2.5,3.975,NA,13,24,119,114,113.5,96,67.5,46,72,77,84,114,76,96,88,NA,4.63,9.05,0,19.52,3.82,4.88,0,15.96,NA,NA,NA,NA
284,10/13/17,48,Goethe1,2,29.271,-82.54927,13,NA,Sandhill,Sandhill,inv,63,4.8,4.5,3.6,3.8,4.175,NA,30,31,109,93.5,93,91,76,84,85.5,62,58.5,84.5,86,74,61.5,87.5,7.58,21.33,0,34.23,6.02,10.74,0,26.55,NA,NA,NA,NA
285,10/13/17,48,Goethe1,3,29.271,-82.54922,14,NA,Sandhill,Sandhill,inv,45,4.1,4.2,4.7,4.5,4.375,NA,25,43,121.5,120.5,119,117,113.5,95,106.5,105,108,98.5,44,117,112,84,11.92,27.07,0,22.86,9.81,15.09,0,18.29,NA,NA,NA,NA
286,10/13/17,48,Goethe1,4,29.27098,-82.54879,12,NA,Sandhill,Sandhill,unv,28,2.9,4.4,3.5,4.3,3.775,NA,NA,NA,NA,NA,NA,NA,NA,NA,NA,NA,NA,NA,NA,NA,NA,NA,NA,NA,NA,NA,NA,NA,NA,NA,111,116,109,113
287,10/13/17,48,Goethe1,5,29.27101,-82.54874,13,NA,Sandhill,Sandhill,unv,69,5.4,3.3,2.9,4.8,4.1,NA,NA,NA,NA,NA,NA,NA,NA,NA,NA,NA,NA,NA,NA,NA,NA,NA,NA,NA,NA,NA,NA,NA,NA,NA,117,114,109,106
288,10/13/17,48,Goethe1,6,29.27114,-82.54874,14,NA,Sandhill,Sandhill,unv,35,3.2,5.3,2.2,4,3.675,NA,NA,NA,NA,NA,NA,NA,NA,NA,NA,NA,NA,NA,NA,NA,NA,NA,NA,NA,NA,NA,NA,NA,NA,NA,70,79,81,75
289,10/16/17,49,St.Joe1,1,30.37502,-84.23519,15,NA,Pine Plantation,Pine Plantation,inv,73,8.7,9.9,8.9,8.3,8.95,NA,35,24,150.5,144.5,144,143,113.5,82,124,88,105,106,112,118,116,139,5.3,51.19,0,3.8,4.14,22.23,0,2.65,NA,NA,NA,NA
290,10/16/17,49,St.Joe1,2,30.37496,-84.23534,20,NA,Pine Plantation,Pine Plantation,inv,93,3.9,2.7,2.8,2.5,2.975,NA,29,26,175,164,158.5,145.5,89,131,137.5,139,142,102,106.5,103,123,104,13.69,41.64,3.3,18.05,11.36,20.42,1.27,14.41,NA,NA,NA,NA
291,10/16/17,49,St.Joe1,3,30.37499,-84.23536,16,NA,Pine Plantation,Pine Plantation,inv,95,3.1,4.3,4.2,2.7,3.575,NA,26,24,156.5,156.5,155,153.5,148,138.5,149,144,146,147,92.5,144.5,141,143.5,13.35,45.07,0,44.52,9.71,22.58,0,34.84,NA,NA,NA,NA
292,10/16/17,49,St.Joe1,4,30.37486,-84.23515,17,NA,Pine Plantation,Pine Plantation,unv,89,3.1,3.9,2.4,2.6,3,NA,NA,NA,NA,NA,NA,NA,NA,NA,NA,NA,NA,NA,NA,NA,NA,NA,NA,NA,NA,NA,NA,NA,NA,NA,5,10,7,15
293,10/16/17,49,St.Joe1,5,30.37489,-84.23508,15,NA,Pine Plantation,Pine Plantation,unv,76,3.7,3.4,2.8,5.3,3.8,NA,NA,NA,NA,NA,NA,NA,NA,NA,NA,NA,NA,NA,NA,NA,NA,NA,NA,NA,NA,NA,NA,NA,NA,NA,131,159,137,123
294,10/16/17,49,St.Joe1,6,30.3751,-84.23518,18,NA,Pine Plantation,Pine Plantation,unv,n/a,4.4,1.2,3.3,3.7,3.15,NA,NA,NA,NA,NA,NA,NA,NA,NA,NA,NA,NA,NA,NA,NA,NA,NA,NA,NA,NA,NA,NA,NA,NA,NA,95,96,98,94
295,10/16/17,50,Munson,1,30.38401,-84.31377,17,NA,River Edge,River Edge,inv,91,6.1,14.3,11.3,5.3,9.25,NA,31,13,148,145.5,144,143.5,92,100,126,142.5,120,123,131,92,117,97,2.89,39.44,0,7.47,1.34,17.33,0,4.47,NA,NA,NA,NA
296,10/16/17,50,Munson,2,30.384,-84.31372,13,NA,River Edge,River Edge,inv,93,7.5,4.1,4.9,3.2,4.925,NA,44,15,147,146.5,146,143,62,94,135,110,124.5,123,136.5,104,127,140,2.03,53.95,0,12.04,0.76,25.05,0,8.35,NA,NA,NA,NA
297,10/16/17,50,Munson,3,30.38397,-84.31372,15,NA,River Edge,River Edge,inv,89,13.9,12.5,6,5.8,9.55,NA,26,20,180,170.5,154,152,83,123.5,110.5,99,136,86,134,92,91,127,5,32.3,0,12.83,2.85,14.87,0,8.63,NA,NA,NA,NA
298,10/16/17,50,Munson,4,30.38397,-84.31384,15,NA,River Edge,River Edge,unv,94,16,13.6,13.3,7.8,12.675,NA,NA,NA,NA,NA,NA,NA,NA,NA,NA,NA,NA,NA,NA,NA,NA,NA,NA,NA,NA,NA,NA,NA,NA,NA,95,92,90,96
299,10/16/17,50,Munson,5,30.38404,-84.31361,14,NA,River Edge,River Edge,unv,90,6.3,7.8,5.1,4.9,6.025,NA,NA,NA,NA,NA,NA,NA,NA,NA,NA,NA,NA,NA,NA,NA,NA,NA,NA,NA,NA,NA,NA,NA,NA,NA,96,98,100,94
300,10/16/17,50,Munson,6,30.38399,-84.31368,13,NA,River Edge,River Edge,unv,91,10.9,11.3,9.3,13.4,11.225,NA,NA,NA,NA,NA,NA,NA,NA,NA,NA,NA,NA,NA,NA,NA,NA,NA,NA,NA,NA,NA,NA,NA,NA,NA,50,56,52,60
301,10/16/17,51,FH13,1,30.17999,-84.65198,11,NA,Flatwoods,Flatwoods,inv,20,6.4,6,2.9,5.2,5.125,NA,26,65,81,80,79,75,52.5,53,55,49.5,68.5,69,53,74,76.5,65,12.48,7.73,0,27.28,10.47,5.7,0,22.11,NA,NA,NA,NA
302,10/16/17,51,FH13,2,30.18007,-84.65189,10,NA,Flatwoods,Flatwoods,inv,17,6.3,6,7.3,5.7,6.325,NA,41,78,79,73,70,69.5,24,61,59.5,60,53.5,52,50,63,59,47.5,12.3,11.98,0,26.23,10.37,7.76,0,21.01,NA,NA,NA,NA
303,10/16/17,51,FH13,3,30.18009,-84.65189,11,NA,Flatwoods,Flatwoods,inv,27,5.6,7.9,5.5,6.5,6.375,NA,18,38,73,72,70.5,66.5,54,54.5,54.5,66,54,60,51.5,64,66,57.5,4.74,5.61,0,18.54,3.77,4.06,0,15.54,NA,NA,NA,NA
304,10/16/17,51,FH13,4,30.17999,-84.65211,10,NA,Flatwoods,Flatwoods,unv,n/a,2.4,3.2,3.2,2.5,2.825,NA,NA,NA,NA,NA,NA,NA,NA,NA,NA,NA,NA,NA,NA,NA,NA,NA,NA,NA,NA,NA,NA,NA,NA,NA,105,101,107,98
305,10/16/17,51,FH13,5,30.17999,-84.65215,11,NA,Flatwoods,Flatwoods,unv,44,3.7,2.6,3.3,4,3.4,NA,NA,NA,NA,NA,NA,NA,NA,NA,NA,NA,NA,NA,NA,NA,NA,NA,NA,NA,NA,NA,NA,NA,NA,NA,61,53,56,77
306,10/16/17,51,FH13,6,30.17992,-84.65218,10,NA,Flatwoods,Flatwoods,unv,43,4.8,4.8,5.8,3.6,4.75,NA,NA,NA,NA,NA,NA,NA,NA,NA,NA,NA,NA,NA,NA,NA,NA,NA,NA,NA,NA,NA,NA,NA,NA,NA,76,78,78,78
307,10/17/17,52,RiversEdge1,1,30.67213,-84.28609,17,NA,Flatwoods,Flatwoods,inv,46,20.2,11.7,17.4,14.4,15.925,NA,47,58,111,105,99.5,98,85,89,95,80.5,70,73,97,74.5,90.5,72,13.42,32.98,0,16.25,10.61,19.74,0,12.42,NA,NA,NA,NA
308,10/17/17,52,RiversEdge1,2,30.67222,-84.28613,20,NA,Flatwoods,Flatwoods,inv,40,22.7,14.9,13.3,13.9,16.2,NA,42,35,98,97.5,96,95,74,92.5,66.5,89,71,93,73,63.5,91,89,7,29.82,0,19.64,5.29,17.02,0,14.75,NA,NA,NA,NA
309,10/17/17,52,RiversEdge1,3,30.67224,-84.28612,20,NA,Flatwoods,Flatwoods,inv,41,10.6,10.8,7.3,7.9,9.15,NA,44,36,108.5,105,105,103.5,102,103,91.5,96,79.5,100,97.5,78,56,84,6.85,31.73,0,10.14,4.83,16.76,0,6.65,NA,NA,NA,NA
310,10/17/17,52,RiversEdge1,4,30.67257,-84.28603,23,NA,Flatwoods,Flatwoods,unv,44,5.9,15.2,9.8,10.7,10.4,NA,NA,NA,NA,NA,NA,NA,NA,NA,NA,NA,NA,NA,NA,NA,NA,NA,NA,NA,NA,NA,NA,NA,NA,NA,117,111,114,118
311,10/17/17,52,RiversEdge1,5,30.67254,-84.28613,17,NA,Flatwoods,Flatwoods,unv,37,8.2,9.4,11.8,12.6,10.5,NA,NA,NA,NA,NA,NA,NA,NA,NA,NA,NA,NA,NA,NA,NA,NA,NA,NA,NA,NA,NA,NA,NA,NA,NA,127,113,131,106
312,10/17/17,52,RiversEdge1,6,30.67253,-84.28601,15,NA,Flatwoods,Flatwoods,unv,36,11.9,8,11.1,12.9,10.975,NA,NA,NA,NA,NA,NA,NA,NA,NA,NA,NA,NA,NA,NA,NA,NA,NA,NA,NA,NA,NA,NA,NA,NA,NA,114,115,116,112
313,10/18/17,53,OcalaNF1,1,29.18132,-81.83329,19,NA,Lakefront,Lakefront,inv,9,0.8,0,0,0.8,0.4,NA,39,63,93,92,89.5,89,52.5,86,83.5,46.5,66,74.5,79.5,89,82,80,17.56,43.11,0,30.07,12.42,16.73,0,19.65,NA,NA,NA,NA
314,10/18/17,53,OcalaNF1,2,29.18133,-81.83329,13,NA,Lakefront,Lakefront,inv,0,0.7,1.4,1.7,2.2,1.5,NA,63,41,94,91.5,90.5,89,73,78,79,74,54.5,83,81.5,86,62,83.5,13.53,46.76,0,1.85,9.28,18.95,0,0.83,NA,NA,NA,NA
315,10/18/17,53,OcalaNF1,3,29.18132,-81.83331,14,NA,Lakefront,Lakefront,inv,10,0,0,2.5,2,1.125,NA,57,49,83.5,79,76,76,40,42,58.5,52,44,56.5,64,70,71,68,10.78,39.06,0,2.75,7.22,15.86,0,1.46,NA,NA,NA,NA
316,10/18/17,53,OcalaNF1,4,29.18137,-81.83331,11,NA,Lakefront,Lakefront,unv,0,1.7,2.7,3.1,0.5,2,NA,NA,NA,NA,NA,NA,NA,NA,NA,NA,NA,NA,NA,NA,NA,NA,NA,NA,NA,NA,NA,NA,NA,NA,NA,86,73,43,31
317,10/18/17,53,OcalaNF1,5,29.18138,-81.83327,18,NA,Lakefront,Lakefront,unv,3,3.3,3.3,3.1,3.7,3.35,NA,NA,NA,NA,NA,NA,NA,NA,NA,NA,NA,NA,NA,NA,NA,NA,NA,NA,NA,NA,NA,NA,NA,NA,NA,42,41,42,31
318,10/18/17,53,OcalaNF1,6,29.18131,-81.83327,16,NA,Lakefront,Lakefront,unv,28,1.4,1.2,2.7,1,1.575,NA,NA,NA,NA,NA,NA,NA,NA,NA,NA,NA,NA,NA,NA,NA,NA,NA,NA,NA,NA,NA,NA,NA,NA,NA,132,126,123,106
319,10/18/17,54,OcalaNF2,1,29.03339,-81.59026,13,NA,Flatwoods,Flatwoods,inv,77,4.5,6.4,2.5,5.3,4.675,NA,21,22,127,118.5,117,115,63,37,74,88.5,97.5,89.5,80.5,87.5,73,101,5.91,18.03,0,54.68,4.56,8.54,0,41.08,NA,NA,NA,NA
320,10/18/17,54,OcalaNF2,2,29.03333,-81.59026,14,NA,Flatwoods,Flatwoods,inv,71,7,5,6.4,3.9,5.575,NA,24,53,130,117,116.5,116,67,82,15.5,53,109,111,110,114,109.5,105,16.08,15.1,0,45.32,13.06,9.45,0,35.35,NA,NA,NA,NA
321,10/18/17,54,OcalaNF2,3,29.03332,-81.59022,12,NA,Flatwoods,Flatwoods,inv,72,4.9,2.3,6,3.9,4.275,NA,27,38,122.5,118.5,118,114.5,104,86,76,97,104,55,96,113.5,108,102,9.29,13.57,1.61,39.89,7.47,8.02,0.48,32.19,NA,NA,NA,NA
322,10/18/17,54,OcalaNF2,4,29.03336,-81.59026,13,NA,Flatwoods,Flatwoods,unv,69,5.2,4.9,5.1,4.7,4.975,NA,NA,NA,NA,NA,NA,NA,NA,NA,NA,NA,NA,NA,NA,NA,NA,NA,NA,NA,NA,NA,NA,NA,NA,NA,91,87,92,89
323,10/18/17,54,OcalaNF2,5,29.03329,-81.59045,11,NA,Flatwoods,Flatwoods,unv,77,3.4,3.2,4.9,6.2,4.425,NA,NA,NA,NA,NA,NA,NA,NA,NA,NA,NA,NA,NA,NA,NA,NA,NA,NA,NA,NA,NA,NA,NA,NA,NA,52,63,61,60
324,10/18/17,54,OcalaNF2,6,29.03324,-81.59018,12,NA,Flatwoods,Flatwoods,unv,71,4.6,4.1,4.7,5.2,4.65,NA,NA,NA,NA,NA,NA,NA,NA,NA,NA,NA,NA,NA,NA,NA,NA,NA,NA,NA,NA,NA,NA,NA,NA,NA,67,65,63,61
325,10/18/17,55,OcalaNF3,1,29.00487,-81.57121,13,NA,Sandhill,Sandhill,inv,79,7.8,7.9,7.3,5.9,7.225,NA,30,19,121,118,116.5,114.5,50,113.5,101.5,58,89,91,100,70,111,63,3.47,26.01,0,42.19,2.18,13.54,0,33.94,NA,NA,NA,NA
326,10/18/17,55,OcalaNF3,2,29.00487,-81.57118,11,NA,Sandhill,Sandhill,inv,78,4.5,7.5,5.7,4.5,5.55,NA,62,23,95,92,85.5,84.5,79.5,81.5,67,74.5,59,73,67.5,76.5,77,80.5,2.6,23.21,0,19.68,2.13,15.39,0,15.66,NA,NA,NA,NA
327,10/18/17,55,OcalaNF3,3,29.00492,-81.57111,11,NA,Sandhill,Sandhill,inv,36,3.1,2.2,5.3,3.9,3.625,NA,26,53,99.5,96.5,95,94.5,91,73,19,87.5,88.5,69,77,81,78.5,88,8.56,13.17,0.29,5.66,7.3,9.07,0.27,4.67,NA,NA,NA,NA
328,10/18/17,55,OcalaNF3,4,29.00483,-81.5711,12,NA,Sandhill,Sandhill,unv,60,5.8,4.9,7.4,4.5,5.65,NA,NA,NA,NA,NA,NA,NA,NA,NA,NA,NA,NA,NA,NA,NA,NA,NA,NA,NA,NA,NA,NA,NA,NA,NA,34,31,32,30
329,10/18/17,55,OcalaNF3,5,29.00479,-81.57112,13,NA,Sandhill,Sandhill,unv,85,4.5,5.9,3.8,5.6,4.95,NA,NA,NA,NA,NA,NA,NA,NA,NA,NA,NA,NA,NA,NA,NA,NA,NA,NA,NA,NA,NA,NA,NA,NA,NA,133,131,130,137
330,10/18/17,55,OcalaNF3,6,29.00481,-81.57107,12,NA,Sandhill,Sandhill,unv,61,5.7,5.1,5,5,5.2,NA,NA,NA,NA,NA,NA,NA,NA,NA,NA,NA,NA,NA,NA,NA,NA,NA,NA,NA,NA,NA,NA,NA,NA,NA,58,56,52,50
331,11/13/17,56,MerrittIsland1,1,28.61898,-80.66359,20,NA,Scrub (edge of swale),Scrub,inv,4,20.3,14.2,22.3,11.7,17.125,water table high,98,35,167.5,166.5,164.5,163,98.5,122.5,146,148,125,157,156,89.5,102,144,17.9,250.39,0,59.36,13.86,105.45,0,46.05,NA,NA,NA,NA
332,11/13/17,56,MerrittIsland1,2,28.61897,-80.66353,9,NA,Scrub (edge of swale),Scrub,inv,14,19.7,15.4,18.1,8.5,15.425,water table high,27,4,125,123,122,121.5,120.5,105,102,114,59.5,110.5,114,78,88,121,0.5,39.6,13.54,8.18,0.43,18.35,5.91,6.11,NA,NA,NA,NA
333,11/13/17,56,MerrittIsland1,3,28.61898,-80.66353,10,NA,Scrub (edge of swale),Scrub,inv,22,22.9,15.9,21.5,10.8,17.775,water table high,31,20,144,141.5,140.5,140,121.5,105,104.5,133,121.5,120,135.5,110.5,130,90.5,10.77,59.81,0,5.52,8.28,29.89,0,4.36,NA,NA,NA,NA
334,11/13/17,56,MerrittIsland1,4,28.61902,-80.66351,10,NA,Scrub (edge of swale),Scrub,unv,19,43.1,42.5,41.4,37.9,41.225,water table high,NA,NA,NA,NA,NA,NA,NA,NA,NA,NA,NA,NA,NA,NA,NA,NA,NA,NA,NA,NA,NA,NA,NA,NA,35,32,34,40
335,11/13/17,56,MerrittIsland1,5,28.61904,-80.66344,20,NA,Scrub (edge of swale),Scrub,unv,18,46.2,35.1,24.5,32.5,34.575,water table high,NA,NA,NA,NA,NA,NA,NA,NA,NA,NA,NA,NA,NA,NA,NA,NA,NA,NA,NA,NA,NA,NA,NA,NA,48,45,32,50
336,11/13/17,56,MerrittIsland1,6,28.61903,-80.66345,12,NA,Scrub (edge of swale),Scrub,unv,23,29.8,33.7,36.5,36.5,34.125,water table high,NA,NA,NA,NA,NA,NA,NA,NA,NA,NA,NA,NA,NA,NA,NA,NA,NA,NA,NA,NA,NA,NA,NA,NA,51,30,56,60
337,11/13/17,57,MerrittIsland2,1,28.56308,-80.61652,10,NA,Scrub,Scrub,inv,0,8.8,6.9,8.7,8.9,8.325,fire 1 year ago,17,30,99,98.5,95.5,95,93,84,82,74.5,88.5,68,92,87.5,95,84,11.76,11.59,0,1.16,9.84,7.78,0,1.07,NA,NA,NA,NA
338,11/13/17,57,MerrittIsland2,2,28.56309,-80.61655,10,NA,Scrub,Scrub,inv,0,8.8,9.7,16.6,10.4,11.375,fire 1 year ago,24,62,121,119.5,118,115,108.5,85.5,103.5,118,71.5,88.5,110.5,101,102.5,92,23.4,22.36,0,4.37,19.84,14.85,0,3.66,NA,NA,NA,NA
339,11/13/17,57,MerrittIsland2,3,28.56307,-80.61652,11,NA,Scrub,Scrub,inv,0,11.9,10.5,8.8,9.2,10.1,fire 1 year ago,16,46,121.5,121,115,113.5,104.5,94,110,102.5,114.5,20,94,103.5,101,96.5,17.27,15.47,0,7.58,13.92,9.22,0,6.11,NA,NA,NA,NA
340,11/13/17,57,MerrittIsland2,4,28.56311,-80.61648,10,NA,Scrub,Scrub,unv,0,8.1,8.9,7.2,7.9,8.025,fire 1 year ago,NA,NA,NA,NA,NA,NA,NA,NA,NA,NA,NA,NA,NA,NA,NA,NA,NA,NA,NA,NA,NA,NA,NA,NA,100,96,94,93
341,11/13/17,57,MerrittIsland2,5,28.56325,-80.61642,9,NA,Scrub,Scrub,unv,0,14.9,15.9,14.9,22.9,17.15,fire 1 year ago,NA,NA,NA,NA,NA,NA,NA,NA,NA,NA,NA,NA,NA,NA,NA,NA,NA,NA,NA,NA,NA,NA,NA,NA,91,98,95,101
342,11/13/17,57,MerrittIsland2,6,28.56316,-80.61645,10,NA,Scrub,Scrub,unv,0,12.4,10.9,10.3,11.2,11.2,fire 1 year ago,NA,NA,NA,NA,NA,NA,NA,NA,NA,NA,NA,NA,NA,NA,NA,NA,NA,NA,NA,NA,NA,NA,NA,NA,92,95,98,91
343,11/13/17,58,MerrittIsland3,1,28.47823,-80.65459,34,NA,Cabbage Hammock,Hydric Hammock,inv,88,44.7,42.2,41.1,41.6,42.4,inundated soils,66,20,154.5,151.5,150.5,150,150,140,149,100,143,134,146.5,149.5,83,79,4.25,60.51,0,3.08,2.96,49.87,0,1.43,NA,NA,NA,NA
344,11/13/17,58,MerrittIsland3,2,28.47818,-80.65457,20,NA,Cabbage Hammock,Hydric Hammock,inv,87,37.7,40.3,39.3,43.8,40.275,inundated soils,40,12,144.5,143,143,141.5,81,105,97,141,103.5,140,127.5,139,100,65.5,3.65,26.01,0,0,2.58,22.52,0,0,NA,NA,NA,NA
345,11/13/17,58,MerrittIsland3,3,28.47813,-80.65453,16,NA,Cabbage Hammock,Hydric Hammock,inv,30,32.4,37.5,40,37.1,36.75,inundated soils,31,21,121.5,118.5,118.5,113.5,100,100,87,112,96.5,102.5,100.5,104.5,83,108,7.22,17.8,0,0,5.66,15.16,0,0,NA,NA,NA,NA
346,11/13/17,58,MerrittIsland3,4,28.47821,-80.65437,16,NA,Cabbage Hammock,Hydric Hammock,unv,50,41.8,42.2,45.8,44,43.45,inundated soils,NA,NA,NA,NA,NA,NA,NA,NA,NA,NA,NA,NA,NA,NA,NA,NA,NA,NA,NA,NA,NA,NA,NA,NA,135,151,125,111
347,11/13/17,58,MerrittIsland3,5,28.47822,-80.65437,16,NA,Cabbage Hammock,Hydric Hammock,unv,32,42.6,42.4,41.6,43,42.4,inundated soils,NA,NA,NA,NA,NA,NA,NA,NA,NA,NA,NA,NA,NA,NA,NA,NA,NA,NA,NA,NA,NA,NA,NA,NA,152,148,156,135
348,11/13/17,58,MerrittIsland3,6,28.47823,-80.65437,16,NA,Cabbage Hammock,Hydric Hammock,unv,22,41.1,43.5,40.5,42.1,41.8,inundated soils,NA,NA,NA,NA,NA,NA,NA,NA,NA,NA,NA,NA,NA,NA,NA,NA,NA,NA,NA,NA,NA,NA,NA,NA,178,189,156,178
349,11/15/17,59,LakeWales1,1,27.91994,-81.56000,20,NA,Field,Sandhill Restoration,inv,0,0.6,0.9,3.6,2,1.775,NA,64,35,105,100,98.5,98,100,96.5,94,92,91,78,88,96,95,88,11.04,41.71,0,43.04,7.68,27.22,0,33.37,NA,NA,NA,NA
350,11/15/17,59,LakeWales1,2,27.92002,-81.55995,11,NA,Field,Sandhill Restoration,inv,0,7.4,4.5,2.4,2.2,4.125,NA,44,42,109,108,107.5,106.5,105.5,90,93,95,94,76,105,104,100,106.5,9.48,18.55,0,17.35,6.89,13.2,0,12.87,NA,NA,NA,NA
351,11/15/17,59,LakeWales1,3,27.91998,-81.56000,11,NA,Field,Sandhill Restoration,inv,0,5.9,1.5,2.4,13.2,5.75,NA,65,52,100,98,97.5,96,67,89.5,91.5,93,92,93.5,97,84.5,68,71.5,31.62,15.85,0,29.77,20.58,11.58,0,22.53,NA,NA,NA,NA
352,11/15/17,59,LakeWales1,4,27.92004,-81.55999,10,NA,Field,Sandhill Restoration,unv,0,0.5,3.3,1.3,1.8,1.725,NA,NA,NA,NA,NA,NA,NA,NA,NA,NA,NA,NA,NA,NA,NA,NA,NA,NA,NA,NA,NA,NA,NA,NA,NA,33,38,26,35
353,11/15/17,59,LakeWales1,5,27.92004,-81.55997,9,NA,Field,Sandhill Restoration,unv,0,2.7,2.1,2.5,0.2,1.875,NA,NA,NA,NA,NA,NA,NA,NA,NA,NA,NA,NA,NA,NA,NA,NA,NA,NA,NA,NA,NA,NA,NA,NA,NA,46,36,40,48
354,11/15/17,59,LakeWales1,6,27.91994,-81.56016,9,NA,Field,Sandhill Restoration,unv,0,1.3,1.9,0,0.7,0.975,NA,NA,NA,NA,NA,NA,NA,NA,NA,NA,NA,NA,NA,NA,NA,NA,NA,NA,NA,NA,NA,NA,NA,NA,NA,49,53,51,46
355,11/16/17,60,Baseline1,1,29.14495,-82.04895,14,NA,Pine Plantation,Upland Pine Plantation,inv,88,0.6,0.9,0,0.1,0.4,NA,49,30,176,174.5,167,166.5,150,161,153,166,157,153,118.5,144,144,162.5,20.49,84.24,0,66.71,12.58,37.9,0,49.21,NA,NA,NA,NA
356,11/16/17,60,Baseline1,2,29.14495,-82.04899,11,NA,Pine Plantation,Upland Pine Plantation,inv,72,0.6,0.4,0.2,0.6,0.45,NA,44,46,162,155,145.5,153,141,135,136,106,147.5,142,140,154,133.5,112,52.51,60.35,0,25.21,38.33,36.97,0,18.51,NA,NA,NA,NA
357,11/16/17,60,Baseline1,3,29.14494,-82.04903,13,NA,Pine Plantation,Upland Pine Plantation,inv,70,0.1,0.7,0.6,0.9,0.575,NA,88,29,172,171.5,170,160,157.5,131,142,152,142.5,155,143,150.5,158,127,21.27,126.05,0,22.74,15.19,75.26,0,17.17,NA,NA,NA,NA
358,11/16/17,60,Baseline1,4,29.14497,-82.04898,13,NA,Pine Plantation,Upland Pine Plantation,unv,26,1.5,0.9,1.7,2.6,1.675,NA,NA,NA,NA,NA,NA,NA,NA,NA,NA,NA,NA,NA,NA,NA,NA,NA,NA,NA,NA,NA,NA,NA,NA,NA,23,21,19,22
359,11/16/17,60,Baseline1,5,29.14491,-82.04903,11,NA,Pine Plantation,Upland Pine Plantation,unv,31,2.7,1.5,2.4,1.5,2.025,NA,NA,NA,NA,NA,NA,NA,NA,NA,NA,NA,NA,NA,NA,NA,NA,NA,NA,NA,NA,NA,NA,NA,NA,NA,29,30,27,25
360,11/16/17,60,Baseline1,6,29.14496,-82.04905,10,NA,Pine Plantation,Upland Pine Plantation,unv,46,2.9,0.4,2,2.3,1.9,NA,NA,NA,NA,NA,NA,NA,NA,NA,NA,NA,NA,NA,NA,NA,NA,NA,NA,NA,NA,NA,NA,NA,NA,NA,34,26,32,28
361,11/16/17,61,Baseline2,1,29.14322,-82.05106,11,NA,Pine Plantation,Pine Plantation,inv,41,1.6,1.5,2.1,1.5,1.675,NA,56,56,127,123.5,121.5,121,84.5,98,95.5,87,97.5,88,111.5,84.5,114.5,118,18.06,29.53,0,16.91,13.01,21.56,0,8.73,NA,NA,NA,NA
362,11/16/17,61,Baseline2,2,29.14324,-82.05110,12,NA,Pine Plantation,Pine Plantation,inv,36,2.5,3.1,1.1,1.7,2.1,NA,38,29,140,139,128,128,109.5,120.5,121,78.5,74,127.5,103,107,74,76,6.92,22.74,0,13.34,4.3,15.56,0,9.68,NA,NA,NA,NA
363,11/16/17,61,Baseline2,3,29.14326,-82.05112,10,NA,Pine Plantation,Pine Plantation,inv,29,0.8,1.6,1.8,1.9,1.525,NA,56,127,121.5,121,119.5,116.5,109,98,110,103.5,91,100,112,114,113.5,116,34.89,35.33,0,15.89,26.79,24.81,0,11.77,NA,NA,NA,NA
364,11/16/17,61,Baseline2,4,29.1433,-82.05105,15,NA,Pine Plantation,Pine Plantation,unv,71,0.4,0.6,1,1.3,0.825,NA,NA,NA,NA,NA,NA,NA,NA,NA,NA,NA,NA,NA,NA,NA,NA,NA,NA,NA,NA,NA,NA,NA,NA,NA,72,11,10,19
365,11/16/17,61,Baseline2,5,29.14334,-82.05100,10,NA,Pine Plantation,Pine Plantation,unv,87,1.4,1.3,1,0,0.925,NA,NA,NA,NA,NA,NA,NA,NA,NA,NA,NA,NA,NA,NA,NA,NA,NA,NA,NA,NA,NA,NA,NA,NA,NA,29,29,31,28
366,11/16/17,61,Baseline2,6,29.14333,-82.05102,11,NA,Pine Plantation,Pine Plantation,unv,65,0,2.1,0.9,1.7,1.175,NA,NA,NA,NA,NA,NA,NA,NA,NA,NA,NA,NA,NA,NA,NA,NA,NA,NA,NA,NA,NA,NA,NA,NA,NA,36,32,31,34
367,11/16/17,62,Baseline3,1,29.15015,-82.04322,13,NA,Pine Plantation,Pine Plantation,inv,64,0.8,0,0.9,0,0.425,NA,52,11,154,152.5,152,142,97,78.5,119.5,120,127,136,122.5,98,98.5,85,5.47,44.43,0,19.85,3.08,27.52,0,14.88,NA,NA,NA,NA
368,11/16/17,62,Baseline3,2,29.15007,-82.04322,16,NA,Pine Plantation,Pine Plantation,inv,73,0.9,0,0.9,0.7,0.625,NA,45,10,139,130.5,128,126,83.5,97,118,120.5,65.5,109,79,84,115,105,6.46,40.75,0,18.59,3.62,18.84,0,12.95,NA,NA,NA,NA
369,11/16/17,62,Baseline3,3,29.15014,-82.04319,14,NA,Pine Plantation,Pine Plantation,inv,73,0,0,0,0.6,0.15,NA,59,32,162,159,152.5,152,149,155,128.5,134.5,112.5,143.5,145,137.5,135.5,89,23.37,70.38,0,18.12,17.39,48.06,0,14,NA,NA,NA,NA
370,11/16/17,62,Baseline3,4,29.15011,-82.04333,12,NA,Pine Plantation,Pine Plantation,unv,82,0.4,0.9,1.1,2.3,1.175,NA,NA,NA,NA,NA,NA,NA,NA,NA,NA,NA,NA,NA,NA,NA,NA,NA,NA,NA,NA,NA,NA,NA,NA,NA,21,15,9,12
371,11/16/17,62,Baseline3,5,29.14999,-82.04330,12,NA,Pine Plantation,Pine Plantation,unv,75,0.1,0.5,0,0.6,0.3,NA,NA,NA,NA,NA,NA,NA,NA,NA,NA,NA,NA,NA,NA,NA,NA,NA,NA,NA,NA,NA,NA,NA,NA,NA,30,26,19,24
372,11/16/17,62,Baseline3,6,29.15005,-82.01433,12,NA,Pine Plantation,Pine Plantation,unv,78,0.8,0,1.6,2,1.1,NA,NA,NA,NA,NA,NA,NA,NA,NA,NA,NA,NA,NA,NA,NA,NA,NA,NA,NA,NA,NA,NA,NA,NA,NA,16,13,9,9
,7/17/18,63,TheArbors1,1,27.11030,-80.17495,9,,Fire Suppressed Scrub,Scrub,inv,,2.9,5.3,7.1,3.8,,,,,,,,,,,,,,,,,,,1.1,15.56,0,3.91,0.64,7.46,0,3.26,,,,
,7/17/18,63,TheArbors1,2,27.11027,-80.17484,10,,Fire Suppressed Scrub,Scrub,inv,,0,0,1.4,4.1,,,,,,,,,,,,,,,,,,,10.24,31.95,0,12.23,8.75,15.72,0,10.17,,,,
,7/17/18,63,TheArbors1,3,27.11027,-80.17488,10,,Fire Suppressed Scrub,Scrub,inv,,0,0,0,0.6,,,,,,,,,,,,,,,,,,,11.59,31.8,0,6.6,8.69,16.87,0,5.31,,,,
,7/17/18,63,TheArbors1,4,27.11011,-80.17521,9,,Fire Suppressed Scrub,Scrub,unv,,0.3,0.6,0.4,0.7,,,,,,,,,,,,,,,,,,,NA,NA,NA,NA,NA,NA,NA,NA,,,,
,7/17/18,63,TheArbors1,5,27.11020,-80.17509,9,,Fire Suppressed Scrub,Scrub,unv,,1.1,0.8,0.3,1.4,,,,,,,,,,,,,,,,,,,NA,NA,NA,NA,NA,NA,NA,NA,,,,
,7/17/18,63,TheArbors1,6,27.11025,-80.17511,9,,Fire Suppressed Scrub,Scrub,unv,,0.2,0.3,0.3,0.6,,,,,,,,,,,,,,,,,,,NA,NA,NA,NA,NA,NA,NA,NA,,,,
,4/20/18,64,Myakka1,1,27.23379,-82.29807,11,,Degraded Dry Prairie ,Dry Prairie ,inv,,14.1,6.5,11.6,12.1,,,,,,,,,,,,,,,,,,,19.73,30.73,0.54,10.82,16.49,22.31,0.42,8.7,,,,
,4/20/18,64,Myakka1,2,27.23373,-82.29810,11,,Degraded Dry Prairie ,Dry Prairie ,inv,,10.9,8.1,10,10.3,,,,,,,,,,,,,,,,,,,49.49,43.37,0.19,8.88,42.68,34.09,0.04,6.93,,,,
,4/20/18,64,Myakka1,3,27.23375,-82.29810,10,,Degraded Dry Prairie ,Dry Prairie ,inv,,9.5,9.5,8.7,9.2,,,,,,,,,,,,,,,,,,,27.31,22.09,0,0.91,22.6,15.95,0,0.3,,,,
,4/20/18,64,Myakka1,4,27.23330,-82.29839,13,,Degraded Dry Prairie ,Dry Prairie ,unv,,2.8,4.7,2.5,2.4,,,,,,,,,,,,,,,,,,,NA,NA,NA,NA,NA,NA,NA,NA,,,,
,4/20/18,64,Myakka1,5,27.23397,-82.29813,10,,Degraded Dry Prairie ,Dry Prairie ,unv,,8.6,6,9.1,6.9,,,,,,,,,,,,,,,,,,,NA,NA,NA,NA,NA,NA,NA,NA,,,,
,4/20/18,64,Myakka1,6,27.23398,-82.29793,9,,Degraded Dry Prairie ,Dry Prairie ,unv,,11.9,10.2,11.5,10.4,,,,,,,,,,,,,,,,,,,NA,NA,NA,NA,NA,NA,NA,NA,,,,
,4/20/18,65,Myakka2,1,27.222232,-82.30091,10,,Ecotone Wetland/Dry Prairie ,Dry Prairie ,inv,,7.2,6.1,5.8,9.6,,,,,,,,,,,,,,,,,,,25.85,14.04,0,9.89,21.58,9.9,0,6.95,,,,
,4/20/18,65,Myakka2,2,,,,,Ecotone Wetland/Dry Prairie ,Dry Prairie ,inv,,,,,,,,,,,,,,,,,,,,,,,,38.69,31.91,0,13.54,33.29,24.86,0,10.65,,,,
,4/20/18,65,Myakka2,3,,,,,Ecotone Wetland/Dry Prairie ,Dry Prairie ,inv,,,,,,,,,,,,,,,,,,,,,,,,67.14,42.79,0,32.84,58.11,34.65,0,27.16,,,,
,4/20/18,65,Myakka2,4,,,,,Ecotone Wetland/Dry Prairie ,Dry Prairie ,unv,,,,,,,,,,,,,,,,,,,,,,,,NA,NA,NA,NA,NA,NA,NA,NA,,,,
,4/20/18,65,Myakka2,5,,,,,Ecotone Wetland/Dry Prairie ,Dry Prairie ,unv,,,,,,,,,,,,,,,,,,,,,,,,NA,NA,NA,NA,NA,NA,NA,NA,,,,
,4/20/18,65,Myakka2,6,,,,,Ecotone Wetland/Dry Prairie ,Dry Prairie ,unv,,,,,,,,,,,,,,,,,,,,,,,,NA,NA,NA,NA,NA,NA,NA,NA,,,,
,4/20/18,66,Myakka3,1,,,,,Praririe Hammock ,Dry Prairie ,inv,,,,,,,,,,,,,,,,,,,,,,,,14.13,22.31,0,2.93,11.76,15.65,0,1.73,,,,
,4/20/18,66,Myakka3,2,,,,,Praririe Hammock ,Dry Prairie ,inv,,,,,,,,,,,,,,,,,,,,,,,,5.06,19.3,7.6,8.56,3.98,14.51,4.9,6.72,,,,
,4/20/18,66,Myakka3,3,,,,,Praririe Hammock ,Dry Prairie ,inv,,,,,,,,,,,,,,,,,,,,,,,,0,18.91,0.79,2.73,0,13.2,0.04,1.8,,,,
,4/20/18,66,Myakka3,4,,,,,Praririe Hammock ,Dry Prairie ,unv,,,,,,,,,,,,,,,,,,,,,,,,NA,NA,NA,NA,NA,NA,NA,NA,,,,
,4/20/18,66,Myakka3,5,,,,,Praririe Hammock ,Dry Prairie ,unv,,,,,,,,,,,,,,,,,,,,,,,,NA,NA,NA,NA,NA,NA,NA,NA,,,,
,4/20/18,66,Myakka3,6,,,,,Praririe Hammock ,Dry Prairie ,unv,,,,,,,,,,,,,,,,,,,,,,,,NA,NA,NA,NA,NA,NA,NA,NA,,,,
,7/12/18,67,Titusville1,1,,,,,,,inv,,,,,,,,,,,,,,,,,,,,,,,,5.7,38,1.11,17.89,4.07,15.35,0.15,13.61,,,,
,7/12/18,67,Titusville1,2,,,,,,,inv,,,,,,,,,,,,,,,,,,,,,,,,4.92,27.41,0,11.2,3.05,11.26,0,7.8,,,,
,7/12/18,67,Titusville1,3,,,,,,,inv,,,,,,,,,,,,,,,,,,,,,,,,5.31,26.2,2.63,22.62,3.62,12.12,0.44,17.29,,,,
,7/12/18,67,Titusville1,4,,,,,,,unv,,,,,,,,,,,,,,,,,,,,,,,,NA,NA,NA,NA,NA,NA,NA,NA,,,,
,7/12/18,67,Titusville1,5,,,,,,,unv,,,,,,,,,,,,,,,,,,,,,,,,NA,NA,NA,NA,NA,NA,NA,NA,,,,
,7/12/18,67,Titusville1,6,,,,,,,unv,,,,,,,,,,,,,,,,,,,,,,,,NA,NA,NA,NA,NA,NA,NA,NA,,,,
,7/15/18,68,Appleton1,1,,,,,,,inv,,,,,,,,,,,,,,,,,,,,,,,,1.5,21.39,2.89,90.59,1.17,10.18,0.81,50.79,,,,
,7/15/18,68,Appleton1,2,,,,,,,inv,,,,,,,,,,,,,,,,,,,,,,,,3.84,41.68,13.41,109.79,1.66,15.69,2.66,58.19,,,,
,7/15/18,68,Appleton1,3,,,,,,,inv,,,,,,,,,,,,,,,,,,,,,,,,6.4,20.1,0,62.86,5.65,8.63,0,39.76,,,,
,7/15/18,68,Appleton1,4,,,,,,,unv,,,,,,,,,,,,,,,,,,,,,,,,NA,NA,NA,NA,NA,NA,NA,NA,,,,
,7/15/18,68,Appleton1,5,,,,,,,unv,,,,,,,,,,,,,,,,,,,,,,,,NA,NA,NA,NA,NA,NA,NA,NA,,,,
,7/15/18,68,Appleton1,6,,,,,,,unv,,,,,,,,,,,,,,,,,,,,,,,,NA,NA,NA,NA,NA,NA,NA,NA,,,,
,7/18/18,69,McCartyRanch1,1,,,,,,,inv,,,,,,,,,,,,,,,,,,,,,,,,11.23,16.75,0,19.26,10.57,16.29,0,14.64,,,,
,7/18/18,69,McCartyRanch1,2,,,,,,,inv,,,,,,,,,,,,,,,,,,,,,,,,12.53,27,0,17.08,9.52,10.86,0,16.42,,,,
,7/18/18,69,McCartyRanch1,3,,,,,,,inv,,,,,,,,,,,,,,,,,,,,,,,,8.88,4.32,0,29.9,7.55,3.01,0,25.39,,,,
,7/18/18,69,McCartyRanch1,4,,,,,,,unv,,,,,,,,,,,,,,,,,,,,,,,,NA,NA,NA,NA,NA,NA,NA,NA,,,,
,7/18/18,69,McCartyRanch1,5,,,,,,,unv,,,,,,,,,,,,,,,,,,,,,,,,NA,NA,NA,NA,NA,NA,NA,NA,,,,
,7/18/18,69,McCartyRanch1,6,,,,,,,unv,,,,,,,,,,,,,,,,,,,,,,,,NA,NA,NA,NA,NA,NA,NA,NA,,,,
,7/18/18,70,McCartyRanch2,1,,,,,,,inv,,,,,,,,,,,,,,,,,,,,,,,,5.19,25.73,0,20.26,5.19,16.67,0,18.3,,,,
,7/18/18,70,McCartyRanch2,2,,,,,,,inv,,,,,,,,,,,,,,,,,,,,,,,,23.92,8.26,0,18.18,21.06,6.4,0,16.32,,,,
,7/18/18,70,McCartyRanch2,3,,,,,,,inv,,,,,,,,,,,,,,,,,,,,,,,,11.83,24.39,0,14.47,9,13.03,0,11.98,,,,
,7/18/18,70,McCartyRanch2,4,,,,,,,unv,,,,,,,,,,,,,,,,,,,,,,,,NA,NA,NA,NA,NA,NA,NA,NA,,,,
,7/18/18,70,McCartyRanch2,5,,,,,,,unv,,,,,,,,,,,,,,,,,,,,,,,,NA,NA,NA,NA,NA,NA,NA,NA,,,,
,7/18/18,70,McCartyRanch2,6,,,,,,,unv,,,,,,,,,,,,,,,,,,,,,,,,NA,NA,NA,NA,NA,NA,NA,NA,,,,
,7/18/18,71,Ft Pierce1,1,,,,,,,inv,,,,,,,,,,,,,,,,,,,,,,,,6.02,4.07,0,18.95,4.92,2.6,0,16.39,,,,
,7/18/18,71,Ft Pierce1,2,,,,,,,inv,,,,,,,,,,,,,,,,,,,,,,,,6.81,23.64,0,10.08,4.96,11.29,0,8.61,,,,
,7/18/18,71,Ft Pierce1,3,,,,,,,inv,,,,,,,,,,,,,,,,,,,,,,,,4.79,11.87,4.83,2.86,3.97,6.82,2.13,2.56,,,,
,7/18/18,71,Ft Pierce1,4,,,,,,,unv,,,,,,,,,,,,,,,,,,,,,,,,NA,NA,NA,NA,NA,NA,NA,NA,,,,
,7/18/18,71,Ft Pierce1,5,,,,,,,unv,,,,,,,,,,,,,,,,,,,,,,,,NA,NA,NA,NA,NA,NA,NA,NA,,,,
,7/18/18,71,Ft Pierce1,6,,,,,,,unv,,,,,,,,,,,,,,,,,,,,,,,,NA,NA,NA,NA,NA,NA,NA,NA,,,,